image_path,label,training_allocation
mtg_set/UD/01008_UD.jpg,UD,train
mtg_set/TSP/00813_TSP.jpg,TSP,train
mtg_set/UL/01213_UL.jpg,UL,train
mtg_set/UD/01124_UD.jpg,UD,train
mtg_set/FUT/00401_FUT.jpg,FUT,train
mtg_set/UD/01029_UD.jpg,UD,train
mtg_set/TSP/00910_TSP.jpg,TSP,train
mtg_set/FUT/00418_FUT.jpg,FUT,train
mtg_set/UD/01031_UD.jpg,UD,train
mtg_set/PLC/00584_PLC.jpg,PLC,train
mtg_set/UL/01287_UL.jpg,UL,train
mtg_set/FUT/00363_FUT.jpg,FUT,train
mtg_set/TSP/00811_TSP.jpg,TSP,train
mtg_set/UD/01135_UD.jpg,UD,train
mtg_set/UL/01163_UL.jpg,UL,train
mtg_set/PLC/00639_PLC.jpg,PLC,train
mtg_set/UD/01137_UD.jpg,UD,train
mtg_set/PLC/00680_PLC.jpg,PLC,train
mtg_set/UL/01255_UL.jpg,UL,train
mtg_set/UD/01111_UD.jpg,UD,train
mtg_set/UL/01279_UL.jpg,UL,train
mtg_set/US/01365_US.jpg,US,train
mtg_set/TSP/00778_TSP.jpg,TSP,train
mtg_set/PLC/00614_PLC.jpg,PLC,train
mtg_set/UL/01254_UL.jpg,UL,train
mtg_set/PLC/00610_PLC.jpg,PLC,train
mtg_set/US/01465_US.jpg,US,train
mtg_set/US/01527_US.jpg,US,train
mtg_set/TSP/00708_TSP.jpg,TSP,train
mtg_set/UD/01117_UD.jpg,UD,train
mtg_set/UL/01281_UL.jpg,UL,train
mtg_set/PLC/00644_PLC.jpg,PLC,train
mtg_set/TSP/00794_TSP.jpg,TSP,train
mtg_set/PLC/00574_PLC.jpg,PLC,train
mtg_set/US/01423_US.jpg,US,train
mtg_set/UD/01096_UD.jpg,UD,train
mtg_set/UL/01171_UL.jpg,UL,train
mtg_set/TSP/00777_TSP.jpg,TSP,train
mtg_set/UL/01260_UL.jpg,UL,train
mtg_set/TSP/00844_TSP.jpg,TSP,train
mtg_set/UL/01252_UL.jpg,UL,train
mtg_set/FUT/00395_FUT.jpg,FUT,train
mtg_set/PLC/00650_PLC.jpg,PLC,train
mtg_set/TSP/00884_TSP.jpg,TSP,train
mtg_set/PLC/00562_PLC.jpg,PLC,train
mtg_set/UL/01193_UL.jpg,UL,train
mtg_set/PLC/00581_PLC.jpg,PLC,train
mtg_set/UL/01177_UL.jpg,UL,train
mtg_set/PLC/00555_PLC.jpg,PLC,train
mtg_set/FUT/00456_FUT.jpg,FUT,train
mtg_set/US/01389_US.jpg,US,train
mtg_set/UL/01263_UL.jpg,UL,train
mtg_set/UD/01027_UD.jpg,UD,train
mtg_set/UL/01286_UL.jpg,UL,train
mtg_set/UD/01057_UD.jpg,UD,train
mtg_set/UL/01176_UL.jpg,UL,train
mtg_set/TSP/00761_TSP.jpg,TSP,train
mtg_set/PLC/00631_PLC.jpg,PLC,train
mtg_set/UD/01108_UD.jpg,UD,train
mtg_set/UL/01237_UL.jpg,UL,train
mtg_set/PLC/00567_PLC.jpg,PLC,train
mtg_set/UL/01210_UL.jpg,UL,train
mtg_set/UD/01054_UD.jpg,UD,train
mtg_set/UD/01040_UD.jpg,UD,train
mtg_set/UD/01076_UD.jpg,UD,train
mtg_set/TSP/00825_TSP.jpg,TSP,train
mtg_set/UL/01215_UL.jpg,UL,train
mtg_set/FUT/00427_FUT.jpg,FUT,train
mtg_set/PLC/00651_PLC.jpg,PLC,train
mtg_set/FUT/00495_FUT.jpg,FUT,train
mtg_set/US/01343_US.jpg,US,train
mtg_set/UL/01238_UL.jpg,UL,train
mtg_set/UL/01165_UL.jpg,UL,train
mtg_set/UD/01087_UD.jpg,UD,train
mtg_set/UL/01227_UL.jpg,UL,train
mtg_set/PLC/00685_PLC.jpg,PLC,train
mtg_set/PLC/00585_PLC.jpg,PLC,train
mtg_set/UD/01102_UD.jpg,UD,train
mtg_set/PLC/00693_PLC.jpg,PLC,train
mtg_set/TSP/00744_TSP.jpg,TSP,train
mtg_set/UD/01023_UD.jpg,UD,train
mtg_set/TSP/00899_TSP.jpg,TSP,train
mtg_set/UD/01048_UD.jpg,UD,train
mtg_set/FUT/00419_FUT.jpg,FUT,train
mtg_set/TSP/00942_TSP.jpg,TSP,train
mtg_set/TSP/00931_TSP.jpg,TSP,train
mtg_set/TSP/00795_TSP.jpg,TSP,train
mtg_set/PLC/00697_PLC.jpg,PLC,train
mtg_set/US/01431_US.jpg,US,train
mtg_set/TSP/00771_TSP.jpg,TSP,train
mtg_set/UL/01234_UL.jpg,UL,train
mtg_set/UD/01073_UD.jpg,UD,train
mtg_set/UD/01129_UD.jpg,UD,train
mtg_set/UD/01089_UD.jpg,UD,train
mtg_set/PLC/00703_PLC.jpg,PLC,train
mtg_set/UL/01152_UL.jpg,UL,train
mtg_set/PLC/00596_PLC.jpg,PLC,train
mtg_set/UD/01037_UD.jpg,UD,train
mtg_set/UL/01275_UL.jpg,UL,train
mtg_set/TSP/00904_TSP.jpg,TSP,train
mtg_set/US/01632_US.jpg,US,train
mtg_set/PLC/00595_PLC.jpg,PLC,train
mtg_set/TSP/00775_TSP.jpg,TSP,train
mtg_set/FUT/00439_FUT.jpg,FUT,train
mtg_set/PLC/00557_PLC.jpg,PLC,train
mtg_set/UD/01119_UD.jpg,UD,train
mtg_set/FUT/00398_FUT.jpg,FUT,train
mtg_set/UL/01236_UL.jpg,UL,train
mtg_set/TSP/00821_TSP.jpg,TSP,train
mtg_set/TSP/00930_TSP.jpg,TSP,train
mtg_set/TSP/00971_TSP.jpg,TSP,train
mtg_set/TSP/00786_TSP.jpg,TSP,train
mtg_set/UL/01272_UL.jpg,UL,train
mtg_set/PLC/00549_PLC.jpg,PLC,train
mtg_set/PLC/00616_PLC.jpg,PLC,train
mtg_set/US/01420_US.jpg,US,train
mtg_set/PLC/00634_PLC.jpg,PLC,train
mtg_set/FUT/00369_FUT.jpg,FUT,train
mtg_set/FUT/00384_FUT.jpg,FUT,train
mtg_set/PLC/00658_PLC.jpg,PLC,train
mtg_set/UL/01153_UL.jpg,UL,train
mtg_set/FUT/00484_FUT.jpg,FUT,train
mtg_set/US/01463_US.jpg,US,train
mtg_set/US/01468_US.jpg,US,train
mtg_set/TSP/00908_TSP.jpg,TSP,train
mtg_set/FUT/00500_FUT.jpg,FUT,train
mtg_set/TSP/00988_TSP.jpg,TSP,train
mtg_set/UL/01201_UL.jpg,UL,train
mtg_set/UD/01126_UD.jpg,UD,train
mtg_set/PLC/00694_PLC.jpg,PLC,train
mtg_set/US/01355_US.jpg,US,train
mtg_set/US/01436_US.jpg,US,train
mtg_set/US/01530_US.jpg,US,train
mtg_set/PLC/00638_PLC.jpg,PLC,train
mtg_set/FUT/00406_FUT.jpg,FUT,train
mtg_set/PLC/00681_PLC.jpg,PLC,train
mtg_set/UD/01051_UD.jpg,UD,train
mtg_set/PLC/00609_PLC.jpg,PLC,train
mtg_set/UD/01012_UD.jpg,UD,train
mtg_set/PLC/00602_PLC.jpg,PLC,train
mtg_set/FUT/00499_FUT.jpg,FUT,train
mtg_set/TSP/00704_TSP.jpg,TSP,train
mtg_set/UL/01282_UL.jpg,UL,train
mtg_set/US/01525_US.jpg,US,train
mtg_set/US/01295_US.jpg,US,train
mtg_set/UD/01134_UD.jpg,UD,train
mtg_set/FUT/00507_FUT.jpg,FUT,train
mtg_set/PLC/00674_PLC.jpg,PLC,train
mtg_set/TSP/00854_TSP.jpg,TSP,train
mtg_set/US/01562_US.jpg,US,train
mtg_set/US/01561_US.jpg,US,train
mtg_set/FUT/00359_FUT.jpg,FUT,train
mtg_set/FUT/00450_FUT.jpg,FUT,train
mtg_set/TSP/00865_TSP.jpg,TSP,train
mtg_set/US/01328_US.jpg,US,train
mtg_set/PLC/00622_PLC.jpg,PLC,train
mtg_set/US/01297_US.jpg,US,train
mtg_set/US/01344_US.jpg,US,train
mtg_set/UD/01109_UD.jpg,UD,train
mtg_set/PLC/00556_PLC.jpg,PLC,train
mtg_set/FUT/00437_FUT.jpg,FUT,train
mtg_set/US/01514_US.jpg,US,train
mtg_set/FUT/00477_FUT.jpg,FUT,train
mtg_set/UL/01157_UL.jpg,UL,train
mtg_set/TSP/00860_TSP.jpg,TSP,train
mtg_set/TSP/00785_TSP.jpg,TSP,train
mtg_set/FUT/00474_FUT.jpg,FUT,train
mtg_set/PLC/00696_PLC.jpg,PLC,train
mtg_set/UL/01197_UL.jpg,UL,train
mtg_set/UL/01151_UL.jpg,UL,train
mtg_set/FUT/00403_FUT.jpg,FUT,train
mtg_set/TSP/00878_TSP.jpg,TSP,train
mtg_set/FUT/00528_FUT.jpg,FUT,train
mtg_set/US/01366_US.jpg,US,train
mtg_set/UD/01132_UD.jpg,UD,train
mtg_set/UD/01090_UD.jpg,UD,train
mtg_set/PLC/00676_PLC.jpg,PLC,train
mtg_set/FUT/00423_FUT.jpg,FUT,train
mtg_set/PLC/00689_PLC.jpg,PLC,train
mtg_set/PLC/00572_PLC.jpg,PLC,train
mtg_set/UD/01115_UD.jpg,UD,train
mtg_set/FUT/00509_FUT.jpg,FUT,train
mtg_set/UD/01078_UD.jpg,UD,train
mtg_set/PLC/00684_PLC.jpg,PLC,train
mtg_set/TSP/00855_TSP.jpg,TSP,train
mtg_set/UL/01170_UL.jpg,UL,train
mtg_set/TSP/00822_TSP.jpg,TSP,train
mtg_set/PLC/00683_PLC.jpg,PLC,train
mtg_set/TSP/00767_TSP.jpg,TSP,train
mtg_set/UL/01273_UL.jpg,UL,train
mtg_set/UL/01223_UL.jpg,UL,train
mtg_set/FUT/00452_FUT.jpg,FUT,train
mtg_set/PLC/00544_PLC.jpg,PLC,train
mtg_set/US/01405_US.jpg,US,train
mtg_set/TSP/00837_TSP.jpg,TSP,train
mtg_set/UL/01159_UL.jpg,UL,train
mtg_set/FUT/00433_FUT.jpg,FUT,train
mtg_set/PLC/00633_PLC.jpg,PLC,train
mtg_set/UL/01207_UL.jpg,UL,train
mtg_set/TSP/00994_TSP.jpg,TSP,train
mtg_set/UD/01130_UD.jpg,UD,train
mtg_set/US/01334_US.jpg,US,train
mtg_set/TSP/00817_TSP.jpg,TSP,train
mtg_set/FUT/00371_FUT.jpg,FUT,train
mtg_set/US/01485_US.jpg,US,train
mtg_set/FUT/00445_FUT.jpg,FUT,train
mtg_set/FUT/00416_FUT.jpg,FUT,train
mtg_set/US/01491_US.jpg,US,train
mtg_set/PLC/00649_PLC.jpg,PLC,train
mtg_set/TSP/00998_TSP.jpg,TSP,train
mtg_set/US/01427_US.jpg,US,train
mtg_set/FUT/00475_FUT.jpg,FUT,train
mtg_set/PLC/00701_PLC.jpg,PLC,train
mtg_set/TSP/00935_TSP.jpg,TSP,train
mtg_set/FUT/00480_FUT.jpg,FUT,train
mtg_set/PLC/00554_PLC.jpg,PLC,train
mtg_set/PLC/00692_PLC.jpg,PLC,train
mtg_set/PLC/00641_PLC.jpg,PLC,train
mtg_set/PLC/00665_PLC.jpg,PLC,train
mtg_set/US/01492_US.jpg,US,train
mtg_set/UL/01211_UL.jpg,UL,train
mtg_set/FUT/00486_FUT.jpg,FUT,train
mtg_set/UL/01185_UL.jpg,UL,train
mtg_set/US/01385_US.jpg,US,train
mtg_set/US/01507_US.jpg,US,train
mtg_set/PLC/00699_PLC.jpg,PLC,train
mtg_set/UL/01259_UL.jpg,UL,train
mtg_set/PLC/00578_PLC.jpg,PLC,train
mtg_set/UL/01230_UL.jpg,UL,train
mtg_set/FUT/00383_FUT.jpg,FUT,train
mtg_set/UD/01091_UD.jpg,UD,train
mtg_set/FUT/00506_FUT.jpg,FUT,train
mtg_set/US/01393_US.jpg,US,train
mtg_set/US/01332_US.jpg,US,train
mtg_set/UL/01278_UL.jpg,UL,train
mtg_set/TSP/00845_TSP.jpg,TSP,train
mtg_set/US/01578_US.jpg,US,train
mtg_set/PLC/00558_PLC.jpg,PLC,train
mtg_set/UD/01020_UD.jpg,UD,train
mtg_set/UD/01098_UD.jpg,UD,train
mtg_set/PLC/00592_PLC.jpg,PLC,train
mtg_set/UD/01128_UD.jpg,UD,train
mtg_set/UL/01270_UL.jpg,UL,train
mtg_set/FUT/00516_FUT.jpg,FUT,train
mtg_set/FUT/00410_FUT.jpg,FUT,train
mtg_set/FUT/00365_FUT.jpg,FUT,train
mtg_set/UL/01243_UL.jpg,UL,train
mtg_set/PLC/00645_PLC.jpg,PLC,train
mtg_set/UD/01106_UD.jpg,UD,train
mtg_set/UD/01094_UD.jpg,UD,train
mtg_set/PLC/00612_PLC.jpg,PLC,train
mtg_set/UL/01164_UL.jpg,UL,train
mtg_set/FUT/00485_FUT.jpg,FUT,train
mtg_set/TSP/00725_TSP.jpg,TSP,train
mtg_set/UD/01103_UD.jpg,UD,train
mtg_set/US/01303_US.jpg,US,train
mtg_set/UD/01145_UD.jpg,UD,train
mtg_set/PLC/00564_PLC.jpg,PLC,train
mtg_set/FUT/00493_FUT.jpg,FUT,train
mtg_set/FUT/00464_FUT.jpg,FUT,train
mtg_set/TSP/00719_TSP.jpg,TSP,train
mtg_set/PLC/00587_PLC.jpg,PLC,train
mtg_set/FUT/00434_FUT.jpg,FUT,train
mtg_set/UD/01034_UD.jpg,UD,train
mtg_set/PLC/00541_PLC.jpg,PLC,train
mtg_set/US/01619_US.jpg,US,train
mtg_set/UD/01133_UD.jpg,UD,train
mtg_set/FUT/00411_FUT.jpg,FUT,train
mtg_set/UL/01199_UL.jpg,UL,train
mtg_set/UL/01192_UL.jpg,UL,train
mtg_set/FUT/00529_FUT.jpg,FUT,train
mtg_set/US/01544_US.jpg,US,train
mtg_set/US/01484_US.jpg,US,train
mtg_set/TSP/00836_TSP.jpg,TSP,train
mtg_set/UL/01216_UL.jpg,UL,train
mtg_set/UD/01064_UD.jpg,UD,train
mtg_set/US/01633_US.jpg,US,train
mtg_set/UD/01016_UD.jpg,UD,train
mtg_set/UD/01123_UD.jpg,UD,train
mtg_set/US/01442_US.jpg,US,train
mtg_set/UL/01204_UL.jpg,UL,train
mtg_set/FUT/00526_FUT.jpg,FUT,train
mtg_set/UL/01206_UL.jpg,UL,train
mtg_set/FUT/00524_FUT.jpg,FUT,train
mtg_set/US/01368_US.jpg,US,train
mtg_set/UD/01147_UD.jpg,UD,train
mtg_set/US/01606_US.jpg,US,train
mtg_set/UD/01045_UD.jpg,UD,train
mtg_set/UD/01116_UD.jpg,UD,train
mtg_set/UL/01276_UL.jpg,UL,train
mtg_set/FUT/00490_FUT.jpg,FUT,train
mtg_set/US/01631_US.jpg,US,train
mtg_set/TSP/00961_TSP.jpg,TSP,train
mtg_set/UD/01005_UD.jpg,UD,train
mtg_set/PLC/00551_PLC.jpg,PLC,train
mtg_set/US/01407_US.jpg,US,train
mtg_set/UD/01061_UD.jpg,UD,train
mtg_set/US/01362_US.jpg,US,train
mtg_set/UL/01160_UL.jpg,UL,train
mtg_set/US/01511_US.jpg,US,train
mtg_set/US/01457_US.jpg,US,train
mtg_set/TSP/00901_TSP.jpg,TSP,train
mtg_set/FUT/00421_FUT.jpg,FUT,train
mtg_set/FUT/00527_FUT.jpg,FUT,train
mtg_set/UL/01251_UL.jpg,UL,train
mtg_set/TSP/00876_TSP.jpg,TSP,train
mtg_set/UD/01142_UD.jpg,UD,train
mtg_set/UD/01024_UD.jpg,UD,train
mtg_set/US/01455_US.jpg,US,train
mtg_set/US/01300_US.jpg,US,train
mtg_set/PLC/00588_PLC.jpg,PLC,train
mtg_set/UD/01095_UD.jpg,UD,train
mtg_set/PLC/00688_PLC.jpg,PLC,train
mtg_set/TSP/00815_TSP.jpg,TSP,train
mtg_set/UL/01186_UL.jpg,UL,train
mtg_set/FUT/00429_FUT.jpg,FUT,train
mtg_set/FUT/00392_FUT.jpg,FUT,train
mtg_set/UL/01184_UL.jpg,UL,train
mtg_set/TSP/00888_TSP.jpg,TSP,train
mtg_set/TSP/00970_TSP.jpg,TSP,train
mtg_set/TSP/00848_TSP.jpg,TSP,train
mtg_set/UL/01277_UL.jpg,UL,train
mtg_set/PLC/00576_PLC.jpg,PLC,train
mtg_set/UL/01242_UL.jpg,UL,train
mtg_set/FUT/00525_FUT.jpg,FUT,train
mtg_set/PLC/00667_PLC.jpg,PLC,train
mtg_set/UD/01112_UD.jpg,UD,train
mtg_set/US/01315_US.jpg,US,train
mtg_set/UD/01071_UD.jpg,UD,train
mtg_set/FUT/00361_FUT.jpg,FUT,train
mtg_set/FUT/00443_FUT.jpg,FUT,train
mtg_set/UD/01104_UD.jpg,UD,train
mtg_set/UL/01288_UL.jpg,UL,train
mtg_set/FUT/00503_FUT.jpg,FUT,train
mtg_set/PLC/00608_PLC.jpg,PLC,train
mtg_set/UD/01039_UD.jpg,UD,train
mtg_set/PLC/00591_PLC.jpg,PLC,train
mtg_set/PLC/00690_PLC.jpg,PLC,train
mtg_set/UL/01209_UL.jpg,UL,train
mtg_set/US/01603_US.jpg,US,train
mtg_set/TSP/00887_TSP.jpg,TSP,train
mtg_set/UD/01072_UD.jpg,UD,train
mtg_set/UL/01257_UL.jpg,UL,train
mtg_set/PLC/00540_PLC.jpg,PLC,train
mtg_set/UD/01038_UD.jpg,UD,train
mtg_set/TSP/00897_TSP.jpg,TSP,train
mtg_set/UD/01146_UD.jpg,UD,train
mtg_set/TSP/00798_TSP.jpg,TSP,train
mtg_set/TSP/00978_TSP.jpg,TSP,train
mtg_set/US/01639_US.jpg,US,train
mtg_set/FUT/00479_FUT.jpg,FUT,train
mtg_set/TSP/00917_TSP.jpg,TSP,train
mtg_set/UD/01085_UD.jpg,UD,train
mtg_set/UL/01284_UL.jpg,UL,train
mtg_set/UD/01028_UD.jpg,UD,train
mtg_set/TSP/00797_TSP.jpg,TSP,train
mtg_set/UD/01056_UD.jpg,UD,train
mtg_set/PLC/00686_PLC.jpg,PLC,train
mtg_set/PLC/00559_PLC.jpg,PLC,train
mtg_set/US/01623_US.jpg,US,train
mtg_set/UD/01013_UD.jpg,UD,train
mtg_set/UD/01009_UD.jpg,UD,train
mtg_set/US/01546_US.jpg,US,train
mtg_set/UL/01290_UL.jpg,UL,train
mtg_set/UL/01220_UL.jpg,UL,train
mtg_set/FUT/00387_FUT.jpg,FUT,train
mtg_set/US/01505_US.jpg,US,train
mtg_set/FUT/00440_FUT.jpg,FUT,train
mtg_set/TSP/00793_TSP.jpg,TSP,train
mtg_set/US/01596_US.jpg,US,train
mtg_set/PLC/00642_PLC.jpg,PLC,train
mtg_set/PLC/00619_PLC.jpg,PLC,train
mtg_set/UL/01221_UL.jpg,UL,train
mtg_set/TSP/00955_TSP.jpg,TSP,train
mtg_set/TSP/00968_TSP.jpg,TSP,train
mtg_set/UL/01246_UL.jpg,UL,train
mtg_set/UL/01180_UL.jpg,UL,train
mtg_set/UD/01063_UD.jpg,UD,train
mtg_set/UL/01262_UL.jpg,UL,train
mtg_set/FUT/00360_FUT.jpg,FUT,train
mtg_set/TSP/00926_TSP.jpg,TSP,train
mtg_set/TSP/00957_TSP.jpg,TSP,train
mtg_set/UD/01138_UD.jpg,UD,train
mtg_set/US/01504_US.jpg,US,train
mtg_set/UD/01035_UD.jpg,UD,train
mtg_set/UL/01191_UL.jpg,UL,train
mtg_set/US/01414_US.jpg,US,train
mtg_set/PLC/00655_PLC.jpg,PLC,train
mtg_set/UD/01067_UD.jpg,UD,train
mtg_set/UL/01205_UL.jpg,UL,train
mtg_set/US/01579_US.jpg,US,train
mtg_set/FUT/00388_FUT.jpg,FUT,train
mtg_set/FUT/00455_FUT.jpg,FUT,train
mtg_set/UD/01042_UD.jpg,UD,train
mtg_set/UL/01271_UL.jpg,UL,train
mtg_set/UL/01217_UL.jpg,UL,train
mtg_set/UD/01121_UD.jpg,UD,train
mtg_set/FUT/00473_FUT.jpg,FUT,train
mtg_set/PLC/00621_PLC.jpg,PLC,train
mtg_set/UD/01140_UD.jpg,UD,train
mtg_set/TSP/00758_TSP.jpg,TSP,train
mtg_set/TSP/00972_TSP.jpg,TSP,train
mtg_set/UD/01114_UD.jpg,UD,train
mtg_set/PLC/00663_PLC.jpg,PLC,train
mtg_set/UL/01203_UL.jpg,UL,train
mtg_set/FUT/00385_FUT.jpg,FUT,train
mtg_set/FUT/00430_FUT.jpg,FUT,train
mtg_set/FUT/00409_FUT.jpg,FUT,train
mtg_set/US/01456_US.jpg,US,train
mtg_set/US/01564_US.jpg,US,train
mtg_set/FUT/00512_FUT.jpg,FUT,train
mtg_set/TSP/01000_TSP.jpg,TSP,train
mtg_set/US/01402_US.jpg,US,train
mtg_set/TSP/00757_TSP.jpg,TSP,train
mtg_set/US/01475_US.jpg,US,train
mtg_set/PLC/00590_PLC.jpg,PLC,train
mtg_set/PLC/00607_PLC.jpg,PLC,train
mtg_set/UL/01241_UL.jpg,UL,train
mtg_set/US/01337_US.jpg,US,train
mtg_set/US/01521_US.jpg,US,train
mtg_set/TSP/00736_TSP.jpg,TSP,train
mtg_set/FUT/00389_FUT.jpg,FUT,train
mtg_set/FUT/00498_FUT.jpg,FUT,train
mtg_set/TSP/00877_TSP.jpg,TSP,train
mtg_set/US/01499_US.jpg,US,train
mtg_set/TSP/00820_TSP.jpg,TSP,train
mtg_set/US/01572_US.jpg,US,train
mtg_set/US/01329_US.jpg,US,train
mtg_set/UD/01092_UD.jpg,UD,train
mtg_set/US/01356_US.jpg,US,train
mtg_set/TSP/00783_TSP.jpg,TSP,train
mtg_set/US/01591_US.jpg,US,train
mtg_set/UD/01046_UD.jpg,UD,train
mtg_set/US/01401_US.jpg,US,train
mtg_set/TSP/00851_TSP.jpg,TSP,train
mtg_set/UD/01082_UD.jpg,UD,train
mtg_set/PLC/00600_PLC.jpg,PLC,train
mtg_set/FUT/00399_FUT.jpg,FUT,train
mtg_set/UD/01069_UD.jpg,UD,train
mtg_set/UL/01166_UL.jpg,UL,train
mtg_set/UD/01025_UD.jpg,UD,train
mtg_set/US/01609_US.jpg,US,train
mtg_set/UL/01231_UL.jpg,UL,train
mtg_set/US/01349_US.jpg,US,train
mtg_set/US/01308_US.jpg,US,train
mtg_set/US/01324_US.jpg,US,train
mtg_set/PLC/00654_PLC.jpg,PLC,train
mtg_set/FUT/00405_FUT.jpg,FUT,train
mtg_set/FUT/00465_FUT.jpg,FUT,train
mtg_set/PLC/00589_PLC.jpg,PLC,train
mtg_set/UL/01239_UL.jpg,UL,train
mtg_set/FUT/00481_FUT.jpg,FUT,train
mtg_set/PLC/00563_PLC.jpg,PLC,train
mtg_set/PLC/00653_PLC.jpg,PLC,train
mtg_set/PLC/00630_PLC.jpg,PLC,train
mtg_set/UL/01264_UL.jpg,UL,train
mtg_set/TSP/00766_TSP.jpg,TSP,train
mtg_set/FUT/00391_FUT.jpg,FUT,train
mtg_set/UD/01053_UD.jpg,UD,train
mtg_set/UD/01120_UD.jpg,UD,train
mtg_set/PLC/00646_PLC.jpg,PLC,train
mtg_set/US/01625_US.jpg,US,train
mtg_set/TSP/00849_TSP.jpg,TSP,train
mtg_set/UL/01174_UL.jpg,UL,train
mtg_set/FUT/00518_FUT.jpg,FUT,train
mtg_set/UL/01156_UL.jpg,UL,train
mtg_set/TSP/00800_TSP.jpg,TSP,train
mtg_set/PLC/00582_PLC.jpg,PLC,train
mtg_set/UD/01022_UD.jpg,UD,train
mtg_set/UL/01245_UL.jpg,UL,train
mtg_set/FUT/00470_FUT.jpg,FUT,train
mtg_set/FUT/00415_FUT.jpg,FUT,train
mtg_set/TSP/00996_TSP.jpg,TSP,train
mtg_set/PLC/00670_PLC.jpg,PLC,train
mtg_set/US/01532_US.jpg,US,train
mtg_set/TSP/00810_TSP.jpg,TSP,train
mtg_set/UD/01066_UD.jpg,UD,train
mtg_set/PLC/00615_PLC.jpg,PLC,train
mtg_set/US/01595_US.jpg,US,train
mtg_set/FUT/00496_FUT.jpg,FUT,train
mtg_set/PLC/00623_PLC.jpg,PLC,train
mtg_set/TSP/00929_TSP.jpg,TSP,train
mtg_set/FUT/00471_FUT.jpg,FUT,train
mtg_set/PLC/00698_PLC.jpg,PLC,train
mtg_set/US/01537_US.jpg,US,train
mtg_set/US/01553_US.jpg,US,train
mtg_set/US/01451_US.jpg,US,train
mtg_set/PLC/00629_PLC.jpg,PLC,train
mtg_set/TSP/00720_TSP.jpg,TSP,train
mtg_set/UL/01229_UL.jpg,UL,train
mtg_set/UD/01125_UD.jpg,UD,train
mtg_set/US/01629_US.jpg,US,train
mtg_set/FUT/00448_FUT.jpg,FUT,train
mtg_set/UD/01026_UD.jpg,UD,train
mtg_set/FUT/00487_FUT.jpg,FUT,train
mtg_set/FUT/00408_FUT.jpg,FUT,train
mtg_set/UL/01226_UL.jpg,UL,train
mtg_set/FUT/00422_FUT.jpg,FUT,train
mtg_set/US/01599_US.jpg,US,train
mtg_set/UD/01068_UD.jpg,UD,train
mtg_set/TSP/00749_TSP.jpg,TSP,train
mtg_set/UD/01079_UD.jpg,UD,train
mtg_set/PLC/00586_PLC.jpg,PLC,train
mtg_set/PLC/00637_PLC.jpg,PLC,train
mtg_set/PLC/00668_PLC.jpg,PLC,train
mtg_set/TSP/00946_TSP.jpg,TSP,train
mtg_set/US/01320_US.jpg,US,train
mtg_set/UD/01019_UD.jpg,UD,train
mtg_set/TSP/00826_TSP.jpg,TSP,train
mtg_set/UL/01172_UL.jpg,UL,train
mtg_set/PLC/00624_PLC.jpg,PLC,train
mtg_set/TSP/00903_TSP.jpg,TSP,train
mtg_set/FUT/00482_FUT.jpg,FUT,train
mtg_set/UL/01214_UL.jpg,UL,train
mtg_set/TSP/00727_TSP.jpg,TSP,train
mtg_set/FUT/00502_FUT.jpg,FUT,train
mtg_set/TSP/00710_TSP.jpg,TSP,train
mtg_set/FUT/00441_FUT.jpg,FUT,train
mtg_set/FUT/00364_FUT.jpg,FUT,train
mtg_set/PLC/00662_PLC.jpg,PLC,train
mtg_set/UL/01283_UL.jpg,UL,train
mtg_set/UD/01074_UD.jpg,UD,train
mtg_set/UL/01162_UL.jpg,UL,train
mtg_set/FUT/00382_FUT.jpg,FUT,train
mtg_set/PLC/00671_PLC.jpg,PLC,train
mtg_set/UL/01182_UL.jpg,UL,train
mtg_set/TSP/00893_TSP.jpg,TSP,train
mtg_set/PLC/00636_PLC.jpg,PLC,train
mtg_set/UL/01222_UL.jpg,UL,train
mtg_set/UL/01253_UL.jpg,UL,train
mtg_set/US/01556_US.jpg,US,train
mtg_set/US/01560_US.jpg,US,train
mtg_set/TSP/00894_TSP.jpg,TSP,train
mtg_set/TSP/00872_TSP.jpg,TSP,train
mtg_set/TSP/00918_TSP.jpg,TSP,train
mtg_set/UD/01136_UD.jpg,UD,train
mtg_set/PLC/00547_PLC.jpg,PLC,train
mtg_set/UD/01100_UD.jpg,UD,train
mtg_set/FUT/00449_FUT.jpg,FUT,train
mtg_set/FUT/00377_FUT.jpg,FUT,train
mtg_set/UL/01169_UL.jpg,UL,train
mtg_set/TSP/00871_TSP.jpg,TSP,train
mtg_set/TSP/00850_TSP.jpg,TSP,train
mtg_set/US/01496_US.jpg,US,train
mtg_set/FUT/00368_FUT.jpg,FUT,train
mtg_set/UD/01041_UD.jpg,UD,train
mtg_set/UD/01062_UD.jpg,UD,train
mtg_set/FUT/00390_FUT.jpg,FUT,train
mtg_set/PLC/00640_PLC.jpg,PLC,train
mtg_set/US/01621_US.jpg,US,train
mtg_set/UL/01225_UL.jpg,UL,train
mtg_set/TSP/00867_TSP.jpg,TSP,train
mtg_set/PLC/00573_PLC.jpg,PLC,train
mtg_set/UD/01036_UD.jpg,UD,train
mtg_set/US/01620_US.jpg,US,train
mtg_set/UD/01097_UD.jpg,UD,train
mtg_set/FUT/00376_FUT.jpg,FUT,train
mtg_set/PLC/00666_PLC.jpg,PLC,train
mtg_set/UL/01265_UL.jpg,UL,train
mtg_set/UL/01208_UL.jpg,UL,train
mtg_set/TSP/00906_TSP.jpg,TSP,train
mtg_set/UD/01099_UD.jpg,UD,train
mtg_set/TSP/00890_TSP.jpg,TSP,train
mtg_set/US/01538_US.jpg,US,train
mtg_set/UD/01014_UD.jpg,UD,train
mtg_set/UL/01194_UL.jpg,UL,train
mtg_set/US/01549_US.jpg,US,train
mtg_set/US/01454_US.jpg,US,train
mtg_set/US/01588_US.jpg,US,train
mtg_set/FUT/00491_FUT.jpg,FUT,train
mtg_set/FUT/00396_FUT.jpg,FUT,train
mtg_set/UD/01021_UD.jpg,UD,train
mtg_set/PLC/00560_PLC.jpg,PLC,train
mtg_set/UD/01043_UD.jpg,UD,train
mtg_set/UL/01161_UL.jpg,UL,train
mtg_set/US/01585_US.jpg,US,train
mtg_set/UD/01139_UD.jpg,UD,train
mtg_set/TSP/00770_TSP.jpg,TSP,train
mtg_set/TSP/00751_TSP.jpg,TSP,train
mtg_set/TSP/00912_TSP.jpg,TSP,train
mtg_set/UD/01122_UD.jpg,UD,train
mtg_set/TSP/00829_TSP.jpg,TSP,train
mtg_set/FUT/00501_FUT.jpg,FUT,train
mtg_set/US/01446_US.jpg,US,train
mtg_set/UD/01077_UD.jpg,UD,train
mtg_set/TSP/00716_TSP.jpg,TSP,train
mtg_set/PLC/00691_PLC.jpg,PLC,train
mtg_set/PLC/00579_PLC.jpg,PLC,train
mtg_set/FUT/00534_FUT.jpg,FUT,train
mtg_set/TSP/00900_TSP.jpg,TSP,train
mtg_set/UL/01181_UL.jpg,UL,train
mtg_set/PLC/00548_PLC.jpg,PLC,train
mtg_set/PLC/00575_PLC.jpg,PLC,train
mtg_set/UL/01228_UL.jpg,UL,train
mtg_set/UL/01248_UL.jpg,UL,train
mtg_set/US/01391_US.jpg,US,train
mtg_set/UD/01093_UD.jpg,UD,train
mtg_set/UL/01202_UL.jpg,UL,train
mtg_set/UD/01131_UD.jpg,UD,train
mtg_set/UD/01118_UD.jpg,UD,train
mtg_set/FUT/00536_FUT.jpg,FUT,train
mtg_set/US/01404_US.jpg,US,train
mtg_set/FUT/00374_FUT.jpg,FUT,train
mtg_set/UL/01154_UL.jpg,UL,train
mtg_set/UD/01032_UD.jpg,UD,train
mtg_set/UL/01249_UL.jpg,UL,train
mtg_set/UL/01256_UL.jpg,UL,train
mtg_set/US/01430_US.jpg,US,train
mtg_set/FUT/00538_FUT.jpg,FUT,train
mtg_set/TSP/00779_TSP.jpg,TSP,train
mtg_set/PLC/00618_PLC.jpg,PLC,train
mtg_set/UL/01247_UL.jpg,UL,train
mtg_set/PLC/00604_PLC.jpg,PLC,train
mtg_set/UL/01195_UL.jpg,UL,train
mtg_set/UD/01059_UD.jpg,UD,train
mtg_set/PLC/00687_PLC.jpg,PLC,train
mtg_set/US/01386_US.jpg,US,train
mtg_set/UL/01268_UL.jpg,UL,train
mtg_set/FUT/00362_FUT.jpg,FUT,train
mtg_set/PLC/00603_PLC.jpg,PLC,train
mtg_set/FUT/00447_FUT.jpg,FUT,train
mtg_set/US/01429_US.jpg,US,train
mtg_set/FUT/00521_FUT.jpg,FUT,train
mtg_set/UD/01144_UD.jpg,UD,train
mtg_set/UL/01149_UL.jpg,UL,train
mtg_set/UL/01158_UL.jpg,UL,train
mtg_set/US/01493_US.jpg,US,train
mtg_set/FUT/00532_FUT.jpg,FUT,train
mtg_set/UL/01198_UL.jpg,UL,train
mtg_set/TSP/00790_TSP.jpg,TSP,train
mtg_set/UL/01289_UL.jpg,UL,train
mtg_set/FUT/00420_FUT.jpg,FUT,train
mtg_set/TSP/00982_TSP.jpg,TSP,train
mtg_set/UL/01196_UL.jpg,UL,train
mtg_set/FUT/00466_FUT.jpg,FUT,train
mtg_set/US/01335_US.jpg,US,train
mtg_set/UD/01055_UD.jpg,UD,train
mtg_set/TSP/00737_TSP.jpg,TSP,train
mtg_set/US/01443_US.jpg,US,train
mtg_set/UL/01168_UL.jpg,UL,train
mtg_set/PLC/00568_PLC.jpg,PLC,train
mtg_set/UD/01006_UD.jpg,UD,train
mtg_set/FUT/00463_FUT.jpg,FUT,train
mtg_set/FUT/00476_FUT.jpg,FUT,train
mtg_set/UD/01033_UD.jpg,UD,train
mtg_set/PLC/00700_PLC.jpg,PLC,train
mtg_set/FUT/00460_FUT.jpg,FUT,train
mtg_set/PLC/00553_PLC.jpg,PLC,train
mtg_set/US/01539_US.jpg,US,train
mtg_set/TSP/00750_TSP.jpg,TSP,train
mtg_set/UD/01065_UD.jpg,UD,train
mtg_set/US/01508_US.jpg,US,train
mtg_set/FUT/00425_FUT.jpg,FUT,train
mtg_set/FUT/00535_FUT.jpg,FUT,train
mtg_set/FUT/00468_FUT.jpg,FUT,train
mtg_set/TSP/00875_TSP.jpg,TSP,train
mtg_set/FUT/00378_FUT.jpg,FUT,train
mtg_set/FUT/00432_FUT.jpg,FUT,train
mtg_set/FUT/00366_FUT.jpg,FUT,train
mtg_set/UL/01183_UL.jpg,UL,train
mtg_set/FUT/00508_FUT.jpg,FUT,train
mtg_set/UD/01086_UD.jpg,UD,train
mtg_set/FUT/00393_FUT.jpg,FUT,train
mtg_set/UL/01240_UL.jpg,UL,train
mtg_set/TSP/00840_TSP.jpg,TSP,train
mtg_set/UL/01233_UL.jpg,UL,train
mtg_set/PLC/00561_PLC.jpg,PLC,train
mtg_set/UD/01141_UD.jpg,UD,train
mtg_set/FUT/00513_FUT.jpg,FUT,train
mtg_set/US/01397_US.jpg,US,train
mtg_set/UD/01030_UD.jpg,UD,train
mtg_set/US/01476_US.jpg,US,train
mtg_set/PLC/00597_PLC.jpg,PLC,train
mtg_set/UD/01017_UD.jpg,UD,train
mtg_set/TSP/00715_TSP.jpg,TSP,train
mtg_set/US/01327_US.jpg,US,train
mtg_set/US/01395_US.jpg,US,train
mtg_set/UL/01261_UL.jpg,UL,train
mtg_set/FUT/00451_FUT.jpg,FUT,train
mtg_set/TSP/00833_TSP.jpg,TSP,train
mtg_set/UD/01088_UD.jpg,UD,train
mtg_set/FUT/00462_FUT.jpg,FUT,train
mtg_set/UD/01047_UD.jpg,UD,train
mtg_set/TSP/00921_TSP.jpg,TSP,train
mtg_set/FUT/00413_FUT.jpg,FUT,train
mtg_set/US/01550_US.jpg,US,train
mtg_set/UL/01267_UL.jpg,UL,validation
mtg_set/TSP/00895_TSP.jpg,TSP,validation
mtg_set/FUT/00386_FUT.jpg,FUT,validation
mtg_set/TSP/00932_TSP.jpg,TSP,validation
mtg_set/US/01325_US.jpg,US,validation
mtg_set/TSP/00949_TSP.jpg,TSP,validation
mtg_set/US/01318_US.jpg,US,validation
mtg_set/UD/01070_UD.jpg,UD,validation
mtg_set/TSP/00828_TSP.jpg,TSP,validation
mtg_set/TSP/00933_TSP.jpg,TSP,validation
mtg_set/PLC/00652_PLC.jpg,PLC,validation
mtg_set/US/01580_US.jpg,US,validation
mtg_set/UD/01080_UD.jpg,UD,validation
mtg_set/PLC/00583_PLC.jpg,PLC,validation
mtg_set/US/01345_US.jpg,US,validation
mtg_set/UD/01049_UD.jpg,UD,validation
mtg_set/US/01630_US.jpg,US,validation
mtg_set/UL/01188_UL.jpg,UL,validation
mtg_set/UL/01219_UL.jpg,UL,validation
mtg_set/PLC/00599_PLC.jpg,PLC,validation
mtg_set/TSP/00920_TSP.jpg,TSP,validation
mtg_set/PLC/00626_PLC.jpg,PLC,validation
mtg_set/US/01398_US.jpg,US,validation
mtg_set/PLC/00660_PLC.jpg,PLC,validation
mtg_set/US/01533_US.jpg,US,validation
mtg_set/UD/01105_UD.jpg,UD,validation
mtg_set/US/01626_US.jpg,US,validation
mtg_set/US/01415_US.jpg,US,validation
mtg_set/FUT/00515_FUT.jpg,FUT,validation
mtg_set/US/01501_US.jpg,US,validation
mtg_set/UL/01274_UL.jpg,UL,validation
mtg_set/UL/01187_UL.jpg,UL,validation
mtg_set/TSP/00838_TSP.jpg,TSP,validation
mtg_set/US/01375_US.jpg,US,validation
mtg_set/US/01399_US.jpg,US,validation
mtg_set/FUT/00514_FUT.jpg,FUT,validation
mtg_set/PLC/00617_PLC.jpg,PLC,validation
mtg_set/UD/01060_UD.jpg,UD,validation
mtg_set/UL/01189_UL.jpg,UL,validation
mtg_set/UL/01212_UL.jpg,UL,validation
mtg_set/PLC/00682_PLC.jpg,PLC,validation
mtg_set/UD/01113_UD.jpg,UD,validation
mtg_set/TSP/00868_TSP.jpg,TSP,validation
mtg_set/TSP/00958_TSP.jpg,TSP,validation
mtg_set/FUT/00533_FUT.jpg,FUT,validation
mtg_set/TSP/00721_TSP.jpg,TSP,validation
mtg_set/US/01417_US.jpg,US,validation
mtg_set/US/01568_US.jpg,US,validation
mtg_set/UD/01107_UD.jpg,UD,validation
mtg_set/US/01306_US.jpg,US,validation
mtg_set/FUT/00510_FUT.jpg,FUT,validation
mtg_set/FUT/00375_FUT.jpg,FUT,validation
mtg_set/UD/01101_UD.jpg,UD,validation
mtg_set/US/01450_US.jpg,US,validation
mtg_set/PLC/00664_PLC.jpg,PLC,validation
mtg_set/PLC/00546_PLC.jpg,PLC,validation
mtg_set/FUT/00523_FUT.jpg,FUT,validation
mtg_set/TSP/00859_TSP.jpg,TSP,validation
mtg_set/UL/01218_UL.jpg,UL,validation
mtg_set/UD/01010_UD.jpg,UD,validation
mtg_set/FUT/00488_FUT.jpg,FUT,validation
mtg_set/PLC/00594_PLC.jpg,PLC,validation
mtg_set/US/01378_US.jpg,US,validation
mtg_set/PLC/00606_PLC.jpg,PLC,validation
mtg_set/TSP/00827_TSP.jpg,TSP,validation
mtg_set/PLC/00570_PLC.jpg,PLC,validation
mtg_set/TSP/00941_TSP.jpg,TSP,validation
mtg_set/FUT/00469_FUT.jpg,FUT,validation
mtg_set/TSP/00738_TSP.jpg,TSP,validation
mtg_set/US/01432_US.jpg,US,validation
mtg_set/UL/01266_UL.jpg,UL,validation
mtg_set/PLC/00627_PLC.jpg,PLC,validation
mtg_set/UD/01081_UD.jpg,UD,validation
mtg_set/US/01543_US.jpg,US,validation
mtg_set/FUT/00424_FUT.jpg,FUT,validation
mtg_set/US/01339_US.jpg,US,validation
mtg_set/PLC/00601_PLC.jpg,PLC,validation
mtg_set/PLC/00695_PLC.jpg,PLC,validation
mtg_set/FUT/00520_FUT.jpg,FUT,validation
mtg_set/UD/01052_UD.jpg,UD,validation
mtg_set/PLC/00543_PLC.jpg,PLC,validation
mtg_set/TSP/00831_TSP.jpg,TSP,validation
mtg_set/FUT/00380_FUT.jpg,FUT,validation
mtg_set/US/01377_US.jpg,US,validation
mtg_set/TSP/00763_TSP.jpg,TSP,validation
mtg_set/TSP/00762_TSP.jpg,TSP,test
mtg_set/FUT/00435_FUT.jpg,FUT,test
mtg_set/PLC/00571_PLC.jpg,PLC,test
mtg_set/PLC/00539_PLC.jpg,PLC,test
mtg_set/FUT/00511_FUT.jpg,FUT,test
mtg_set/FUT/00379_FUT.jpg,FUT,test
mtg_set/PLC/00625_PLC.jpg,PLC,test
mtg_set/PLC/00613_PLC.jpg,PLC,test
mtg_set/PLC/00577_PLC.jpg,PLC,test
mtg_set/FUT/00519_FUT.jpg,FUT,test
mtg_set/UD/01050_UD.jpg,UD,test
mtg_set/FUT/00494_FUT.jpg,FUT,test
mtg_set/FUT/00483_FUT.jpg,FUT,test
mtg_set/US/01471_US.jpg,US,test
mtg_set/FUT/00404_FUT.jpg,FUT,test
mtg_set/UD/01018_UD.jpg,UD,test
mtg_set/UD/01127_UD.jpg,UD,test
mtg_set/UD/01011_UD.jpg,UD,test
mtg_set/FUT/00407_FUT.jpg,FUT,test
mtg_set/FUT/00478_FUT.jpg,FUT,test
mtg_set/UD/01110_UD.jpg,UD,test
mtg_set/UD/01058_UD.jpg,UD,test
mtg_set/FUT/00367_FUT.jpg,FUT,test
mtg_set/UD/01075_UD.jpg,UD,test
mtg_set/UD/01084_UD.jpg,UD,test
mtg_set/US/01576_US.jpg,US,test
mtg_set/UD/01007_UD.jpg,UD,test
mtg_set/US/01500_US.jpg,US,test
mtg_set/US/01310_US.jpg,US,test
mtg_set/US/01445_US.jpg,US,test
mtg_set/US/01486_US.jpg,US,test
mtg_set/US/01558_US.jpg,US,test
mtg_set/UD/01015_UD.jpg,UD,test
mtg_set/UD/01083_UD.jpg,UD,test
mtg_set/UD/01044_UD.jpg,UD,test
mtg_set/US/01473_US.jpg,US,test
mtg_set/US/01351_US.jpg,US,test
mtg_set/TSP/00773_TSP.jpg,TSP,test
mtg_set/TSP/00879_TSP.jpg,TSP,test
mtg_set/TSP/00847_TSP.jpg,TSP,test
mtg_set/TSP/00981_TSP.jpg,TSP,test
mtg_set/TSP/00818_TSP.jpg,TSP,test
mtg_set/TSP/00722_TSP.jpg,TSP,test
mtg_set/TSP/00802_TSP.jpg,TSP,test
mtg_set/TSP/00916_TSP.jpg,TSP,test
mtg_set/TSP/00841_TSP.jpg,TSP,test
mtg_set/US/01302_US.jpg,US,test
mtg_set/US/01307_US.jpg,US,test
mtg_set/TSP/00911_TSP.jpg,TSP,test
mtg_set/UL/01244_UL.jpg,UL,test
mtg_set/TSP/00891_TSP.jpg,TSP,test
mtg_set/TSP/00718_TSP.jpg,TSP,test
mtg_set/TSP/00995_TSP.jpg,TSP,test
mtg_set/TSP/00839_TSP.jpg,TSP,test
mtg_set/TSP/00781_TSP.jpg,TSP,test
mtg_set/TSP/00806_TSP.jpg,TSP,test
mtg_set/UL/01285_UL.jpg,UL,test
mtg_set/UL/01173_UL.jpg,UL,test
mtg_set/TSP/00714_TSP.jpg,TSP,test
mtg_set/TSP/00760_TSP.jpg,TSP,test
mtg_set/UL/01280_UL.jpg,UL,test
mtg_set/UL/01235_UL.jpg,UL,test
mtg_set/UL/01179_UL.jpg,UL,test
mtg_set/UL/01167_UL.jpg,UL,test
mtg_set/UL/01155_UL.jpg,UL,test
mtg_set/UL/01269_UL.jpg,UL,test
mtg_set/UL/01224_UL.jpg,UL,test
mtg_set/UL/01178_UL.jpg,UL,test
mtg_set/UL/01200_UL.jpg,UL,test
mtg_set/UL/01250_UL.jpg,UL,test
mtg_set/UL/01150_UL.jpg,UL,test
mtg_set/UL/01175_UL.jpg,UL,test
mtg_set/UL/01258_UL.jpg,UL,test
mtg_set/UL/01148_UL.jpg,UL,test
mtg_set/UL/01190_UL.jpg,UL,test
mtg_set/UL/01232_UL.jpg,UL,test
mtg_set/US/01292_US.jpg,US,test
mtg_set/PLC/00661_PLC.jpg,PLC,test
mtg_set/PLC/00542_PLC.jpg,PLC,test
mtg_set/PLC/00659_PLC.jpg,PLC,test
mtg_set/PLC/00620_PLC.jpg,PLC,test
mtg_set/PLC/00580_PLC.jpg,PLC,test
mtg_set/PLC/00672_PLC.jpg,PLC,test
mtg_set/UD/01143_UD.jpg,UD,test
mtg_set/PLC/00569_PLC.jpg,PLC,test
mtg_set/PLC/00628_PLC.jpg,PLC,test
mtg_set/PLC/00669_PLC.jpg,PLC,test