image_path,label
mtg_set/9E/00000_9E.jpg,9E
mtg_set/9E/00001_9E.jpg,9E
mtg_set/9E/00002_9E.jpg,9E
mtg_set/9E/00003_9E.jpg,9E
mtg_set/9E/00004_9E.jpg,9E
mtg_set/9E/00005_9E.jpg,9E
mtg_set/9E/00006_9E.jpg,9E
mtg_set/9E/00007_9E.jpg,9E
mtg_set/9E/00008_9E.jpg,9E
mtg_set/9E/00009_9E.jpg,9E
mtg_set/9E/00010_9E.jpg,9E
mtg_set/9E/00011_9E.jpg,9E
mtg_set/9E/00012_9E.jpg,9E
mtg_set/9E/00013_9E.jpg,9E
mtg_set/9E/00014_9E.jpg,9E
mtg_set/9E/00015_9E.jpg,9E
mtg_set/9E/00016_9E.jpg,9E
mtg_set/9E/00017_9E.jpg,9E
mtg_set/9E/00018_9E.jpg,9E
mtg_set/9E/00019_9E.jpg,9E
mtg_set/9E/00020_9E.jpg,9E
mtg_set/9E/00021_9E.jpg,9E
mtg_set/9E/00022_9E.jpg,9E
mtg_set/9E/00023_9E.jpg,9E
mtg_set/9E/00024_9E.jpg,9E
mtg_set/9E/00025_9E.jpg,9E
mtg_set/9E/00026_9E.jpg,9E
mtg_set/9E/00027_9E.jpg,9E
mtg_set/9E/00028_9E.jpg,9E
mtg_set/9E/00029_9E.jpg,9E
mtg_set/9E/00030_9E.jpg,9E
mtg_set/9E/00031_9E.jpg,9E
mtg_set/9E/00032_9E.jpg,9E
mtg_set/9E/00033_9E.jpg,9E
mtg_set/9E/00034_9E.jpg,9E
mtg_set/9E/00035_9E.jpg,9E
mtg_set/9E/00036_9E.jpg,9E
mtg_set/9E/00037_9E.jpg,9E
mtg_set/9E/00038_9E.jpg,9E
mtg_set/9E/00039_9E.jpg,9E
mtg_set/9E/00040_9E.jpg,9E
mtg_set/9E/00041_9E.jpg,9E
mtg_set/9E/00042_9E.jpg,9E
mtg_set/9E/00043_9E.jpg,9E
mtg_set/9E/00044_9E.jpg,9E
mtg_set/9E/00045_9E.jpg,9E
mtg_set/9E/00046_9E.jpg,9E
mtg_set/9E/00047_9E.jpg,9E
mtg_set/9E/00048_9E.jpg,9E
mtg_set/9E/00049_9E.jpg,9E
mtg_set/9E/00050_9E.jpg,9E
mtg_set/9E/00051_9E.jpg,9E
mtg_set/9E/00052_9E.jpg,9E
mtg_set/9E/00053_9E.jpg,9E
mtg_set/9E/00054_9E.jpg,9E
mtg_set/9E/00055_9E.jpg,9E
mtg_set/9E/00056_9E.jpg,9E
mtg_set/9E/00057_9E.jpg,9E
mtg_set/9E/00058_9E.jpg,9E
mtg_set/9E/00059_9E.jpg,9E
mtg_set/9E/00060_9E.jpg,9E
mtg_set/9E/00061_9E.jpg,9E
mtg_set/9E/00062_9E.jpg,9E
mtg_set/9E/00063_9E.jpg,9E
mtg_set/9E/00064_9E.jpg,9E
mtg_set/9E/00065_9E.jpg,9E
mtg_set/9E/00066_9E.jpg,9E
mtg_set/9E/00067_9E.jpg,9E
mtg_set/9E/00068_9E.jpg,9E
mtg_set/9E/00069_9E.jpg,9E
mtg_set/9E/00070_9E.jpg,9E
mtg_set/9E/00071_9E.jpg,9E
mtg_set/9E/00072_9E.jpg,9E
mtg_set/9E/00073_9E.jpg,9E
mtg_set/9E/00074_9E.jpg,9E
mtg_set/9E/00075_9E.jpg,9E
mtg_set/9E/00076_9E.jpg,9E
mtg_set/9E/00077_9E.jpg,9E
mtg_set/9E/00078_9E.jpg,9E
mtg_set/9E/00079_9E.jpg,9E
mtg_set/9E/00080_9E.jpg,9E
mtg_set/9E/00081_9E.jpg,9E
mtg_set/9E/00082_9E.jpg,9E
mtg_set/9E/00083_9E.jpg,9E
mtg_set/9E/00084_9E.jpg,9E
mtg_set/9E/00085_9E.jpg,9E
mtg_set/9E/00086_9E.jpg,9E
mtg_set/9E/00087_9E.jpg,9E
mtg_set/9E/00088_9E.jpg,9E
mtg_set/9E/00089_9E.jpg,9E
mtg_set/9E/00090_9E.jpg,9E
mtg_set/9E/00091_9E.jpg,9E
mtg_set/9E/00092_9E.jpg,9E
mtg_set/9E/00093_9E.jpg,9E
mtg_set/9E/00094_9E.jpg,9E
mtg_set/9E/00095_9E.jpg,9E
mtg_set/9E/00096_9E.jpg,9E
mtg_set/9E/00097_9E.jpg,9E
mtg_set/9E/00098_9E.jpg,9E
mtg_set/9E/00099_9E.jpg,9E
mtg_set/9E/00100_9E.jpg,9E
mtg_set/9E/00101_9E.jpg,9E
mtg_set/9E/00102_9E.jpg,9E
mtg_set/9E/00103_9E.jpg,9E
mtg_set/9E/00104_9E.jpg,9E
mtg_set/9E/00105_9E.jpg,9E
mtg_set/9E/00106_9E.jpg,9E
mtg_set/9E/00107_9E.jpg,9E
mtg_set/9E/00108_9E.jpg,9E
mtg_set/9E/00109_9E.jpg,9E
mtg_set/9E/00110_9E.jpg,9E
mtg_set/9E/00111_9E.jpg,9E
mtg_set/9E/00112_9E.jpg,9E
mtg_set/9E/00113_9E.jpg,9E
mtg_set/9E/00114_9E.jpg,9E
mtg_set/9E/00115_9E.jpg,9E
mtg_set/9E/00116_9E.jpg,9E
mtg_set/9E/00117_9E.jpg,9E
mtg_set/9E/00118_9E.jpg,9E
mtg_set/9E/00119_9E.jpg,9E
mtg_set/9E/00120_9E.jpg,9E
mtg_set/9E/00121_9E.jpg,9E
mtg_set/9E/00122_9E.jpg,9E
mtg_set/9E/00123_9E.jpg,9E
mtg_set/9E/00124_9E.jpg,9E
mtg_set/9E/00125_9E.jpg,9E
mtg_set/9E/00126_9E.jpg,9E
mtg_set/9E/00127_9E.jpg,9E
mtg_set/9E/00128_9E.jpg,9E
mtg_set/9E/00129_9E.jpg,9E
mtg_set/9E/00130_9E.jpg,9E
mtg_set/9E/00131_9E.jpg,9E
mtg_set/9E/00132_9E.jpg,9E
mtg_set/9E/00133_9E.jpg,9E
mtg_set/9E/00134_9E.jpg,9E
mtg_set/9E/00135_9E.jpg,9E
mtg_set/9E/00136_9E.jpg,9E
mtg_set/9E/00137_9E.jpg,9E
mtg_set/9E/00138_9E.jpg,9E
mtg_set/9E/00139_9E.jpg,9E
mtg_set/9E/00140_9E.jpg,9E
mtg_set/9E/00141_9E.jpg,9E
mtg_set/9E/00142_9E.jpg,9E
mtg_set/9E/00143_9E.jpg,9E
mtg_set/9E/00144_9E.jpg,9E
mtg_set/9E/00145_9E.jpg,9E
mtg_set/9E/00146_9E.jpg,9E
mtg_set/9E/00147_9E.jpg,9E
mtg_set/9E/00148_9E.jpg,9E
mtg_set/9E/00149_9E.jpg,9E
mtg_set/9E/00150_9E.jpg,9E
mtg_set/9E/00151_9E.jpg,9E
mtg_set/9E/00152_9E.jpg,9E
mtg_set/9E/00153_9E.jpg,9E
mtg_set/9E/00154_9E.jpg,9E
mtg_set/9E/00155_9E.jpg,9E
mtg_set/9E/00156_9E.jpg,9E
mtg_set/9E/00157_9E.jpg,9E
mtg_set/9E/00158_9E.jpg,9E
mtg_set/9E/00159_9E.jpg,9E
mtg_set/9E/00160_9E.jpg,9E
mtg_set/9E/00161_9E.jpg,9E
mtg_set/9E/00162_9E.jpg,9E
mtg_set/9E/00163_9E.jpg,9E
mtg_set/9E/00164_9E.jpg,9E
mtg_set/9E/00165_9E.jpg,9E
mtg_set/9E/00166_9E.jpg,9E
mtg_set/9E/00167_9E.jpg,9E
mtg_set/9E/00168_9E.jpg,9E
mtg_set/9E/00169_9E.jpg,9E
mtg_set/9E/00170_9E.jpg,9E
mtg_set/9E/00171_9E.jpg,9E
mtg_set/9E/00172_9E.jpg,9E
mtg_set/9E/00173_9E.jpg,9E
mtg_set/9E/00174_9E.jpg,9E
mtg_set/9E/00175_9E.jpg,9E
mtg_set/9E/00176_9E.jpg,9E
mtg_set/9E/00177_9E.jpg,9E
mtg_set/9E/00178_9E.jpg,9E
mtg_set/9E/00179_9E.jpg,9E
mtg_set/9E/00180_9E.jpg,9E
mtg_set/9E/00181_9E.jpg,9E
mtg_set/9E/00182_9E.jpg,9E
mtg_set/9E/00183_9E.jpg,9E
mtg_set/9E/00184_9E.jpg,9E
mtg_set/9E/00185_9E.jpg,9E
mtg_set/9E/00186_9E.jpg,9E
mtg_set/9E/00187_9E.jpg,9E
mtg_set/9E/00188_9E.jpg,9E
mtg_set/9E/00189_9E.jpg,9E
mtg_set/9E/00190_9E.jpg,9E
mtg_set/9E/00191_9E.jpg,9E
mtg_set/9E/00192_9E.jpg,9E
mtg_set/9E/00193_9E.jpg,9E
mtg_set/9E/00194_9E.jpg,9E
mtg_set/9E/00195_9E.jpg,9E
mtg_set/9E/00196_9E.jpg,9E
mtg_set/9E/00197_9E.jpg,9E
mtg_set/9E/00198_9E.jpg,9E
mtg_set/9E/00199_9E.jpg,9E
mtg_set/9E/00200_9E.jpg,9E
mtg_set/9E/00201_9E.jpg,9E
mtg_set/9E/00202_9E.jpg,9E
mtg_set/9E/00203_9E.jpg,9E
mtg_set/9E/00204_9E.jpg,9E
mtg_set/9E/00205_9E.jpg,9E
mtg_set/9E/00206_9E.jpg,9E
mtg_set/9E/00207_9E.jpg,9E
mtg_set/9E/00208_9E.jpg,9E
mtg_set/9E/00209_9E.jpg,9E
mtg_set/9E/00210_9E.jpg,9E
mtg_set/9E/00211_9E.jpg,9E
mtg_set/9E/00212_9E.jpg,9E
mtg_set/9E/00213_9E.jpg,9E
mtg_set/9E/00214_9E.jpg,9E
mtg_set/9E/00215_9E.jpg,9E
mtg_set/9E/00216_9E.jpg,9E
mtg_set/9E/00217_9E.jpg,9E
mtg_set/9E/00218_9E.jpg,9E
mtg_set/9E/00219_9E.jpg,9E
mtg_set/9E/00220_9E.jpg,9E
mtg_set/9E/00221_9E.jpg,9E
mtg_set/9E/00222_9E.jpg,9E
mtg_set/9E/00223_9E.jpg,9E
mtg_set/9E/00224_9E.jpg,9E
mtg_set/9E/00225_9E.jpg,9E
mtg_set/9E/00226_9E.jpg,9E
mtg_set/9E/00227_9E.jpg,9E
mtg_set/9E/00228_9E.jpg,9E
mtg_set/9E/00229_9E.jpg,9E
mtg_set/9E/00230_9E.jpg,9E
mtg_set/9E/00231_9E.jpg,9E
mtg_set/9E/00232_9E.jpg,9E
mtg_set/9E/00233_9E.jpg,9E
mtg_set/9E/00234_9E.jpg,9E
mtg_set/9E/00235_9E.jpg,9E
mtg_set/9E/00236_9E.jpg,9E
mtg_set/9E/00237_9E.jpg,9E
mtg_set/9E/00238_9E.jpg,9E
mtg_set/9E/00239_9E.jpg,9E
mtg_set/9E/00240_9E.jpg,9E
mtg_set/9E/00241_9E.jpg,9E
mtg_set/9E/00242_9E.jpg,9E
mtg_set/9E/00243_9E.jpg,9E
mtg_set/9E/00244_9E.jpg,9E
mtg_set/9E/00245_9E.jpg,9E
mtg_set/9E/00246_9E.jpg,9E
mtg_set/9E/00247_9E.jpg,9E
mtg_set/9E/00248_9E.jpg,9E
mtg_set/9E/00249_9E.jpg,9E
mtg_set/9E/00250_9E.jpg,9E
mtg_set/9E/00251_9E.jpg,9E
mtg_set/9E/00252_9E.jpg,9E
mtg_set/9E/00253_9E.jpg,9E
mtg_set/9E/00254_9E.jpg,9E
mtg_set/9E/00255_9E.jpg,9E
mtg_set/9E/00256_9E.jpg,9E
mtg_set/9E/00257_9E.jpg,9E
mtg_set/9E/00258_9E.jpg,9E
mtg_set/9E/00259_9E.jpg,9E
mtg_set/9E/00260_9E.jpg,9E
mtg_set/9E/00261_9E.jpg,9E
mtg_set/9E/00262_9E.jpg,9E
mtg_set/9E/00263_9E.jpg,9E
mtg_set/9E/00264_9E.jpg,9E
mtg_set/9E/00265_9E.jpg,9E
mtg_set/9E/00266_9E.jpg,9E
mtg_set/9E/00267_9E.jpg,9E
mtg_set/9E/00268_9E.jpg,9E
mtg_set/9E/00269_9E.jpg,9E
mtg_set/9E/00270_9E.jpg,9E
mtg_set/9E/00271_9E.jpg,9E
mtg_set/9E/00272_9E.jpg,9E
mtg_set/9E/00273_9E.jpg,9E
mtg_set/9E/00274_9E.jpg,9E
mtg_set/9E/00275_9E.jpg,9E
mtg_set/9E/00276_9E.jpg,9E
mtg_set/9E/00277_9E.jpg,9E
mtg_set/9E/00278_9E.jpg,9E
mtg_set/9E/00279_9E.jpg,9E
mtg_set/9E/00280_9E.jpg,9E
mtg_set/9E/00281_9E.jpg,9E
mtg_set/9E/00282_9E.jpg,9E
mtg_set/9E/00283_9E.jpg,9E
mtg_set/9E/00284_9E.jpg,9E
mtg_set/9E/00285_9E.jpg,9E
mtg_set/9E/00286_9E.jpg,9E
mtg_set/9E/00287_9E.jpg,9E
mtg_set/9E/00288_9E.jpg,9E
mtg_set/9E/00289_9E.jpg,9E
mtg_set/9E/00290_9E.jpg,9E
mtg_set/9E/00291_9E.jpg,9E
mtg_set/9E/00292_9E.jpg,9E
mtg_set/9E/00293_9E.jpg,9E
mtg_set/9E/00294_9E.jpg,9E
mtg_set/9E/00295_9E.jpg,9E
mtg_set/9E/00296_9E.jpg,9E
mtg_set/9E/00297_9E.jpg,9E
mtg_set/9E/00298_9E.jpg,9E
mtg_set/9E/00299_9E.jpg,9E
mtg_set/9E/00300_9E.jpg,9E
mtg_set/9E/00301_9E.jpg,9E
mtg_set/9E/00302_9E.jpg,9E
mtg_set/9E/00303_9E.jpg,9E
mtg_set/9E/00304_9E.jpg,9E
mtg_set/9E/00305_9E.jpg,9E
mtg_set/9E/00306_9E.jpg,9E
mtg_set/9E/00307_9E.jpg,9E
mtg_set/9E/00308_9E.jpg,9E
mtg_set/9E/00309_9E.jpg,9E
mtg_set/9E/00310_9E.jpg,9E
mtg_set/9E/00311_9E.jpg,9E
mtg_set/9E/00312_9E.jpg,9E
mtg_set/9E/00313_9E.jpg,9E
mtg_set/9E/00314_9E.jpg,9E
mtg_set/9E/00315_9E.jpg,9E
mtg_set/9E/00316_9E.jpg,9E
mtg_set/9E/00317_9E.jpg,9E
mtg_set/9E/00318_9E.jpg,9E
mtg_set/9E/00319_9E.jpg,9E
mtg_set/9E/00320_9E.jpg,9E
mtg_set/9E/00321_9E.jpg,9E
mtg_set/9E/00322_9E.jpg,9E
mtg_set/9E/00323_9E.jpg,9E
mtg_set/9E/00324_9E.jpg,9E
mtg_set/9E/00325_9E.jpg,9E
mtg_set/9E/00326_9E.jpg,9E
mtg_set/9E/00327_9E.jpg,9E
mtg_set/9E/00328_9E.jpg,9E
mtg_set/9E/00329_9E.jpg,9E
mtg_set/9E/00330_9E.jpg,9E
mtg_set/9E/00331_9E.jpg,9E
mtg_set/9E/00332_9E.jpg,9E
mtg_set/9E/00333_9E.jpg,9E
mtg_set/9E/00334_9E.jpg,9E
mtg_set/9E/00335_9E.jpg,9E
mtg_set/9E/00336_9E.jpg,9E
mtg_set/9E/00337_9E.jpg,9E
mtg_set/9E/00338_9E.jpg,9E
mtg_set/9E/00339_9E.jpg,9E
mtg_set/9E/00340_9E.jpg,9E
mtg_set/9E/00341_9E.jpg,9E
mtg_set/9E/00342_9E.jpg,9E
mtg_set/9E/00343_9E.jpg,9E
mtg_set/9E/00344_9E.jpg,9E
mtg_set/9E/00345_9E.jpg,9E
mtg_set/9E/00346_9E.jpg,9E
mtg_set/9E/00347_9E.jpg,9E
mtg_set/9E/00348_9E.jpg,9E
mtg_set/9E/00349_9E.jpg,9E
mtg_set/9E/00350_9E.jpg,9E
mtg_set/9E/00351_9E.jpg,9E
mtg_set/9E/00352_9E.jpg,9E
mtg_set/9E/00353_9E.jpg,9E
mtg_set/9E/00354_9E.jpg,9E
mtg_set/9E/00355_9E.jpg,9E
mtg_set/9E/00356_9E.jpg,9E
mtg_set/9E/00357_9E.jpg,9E
mtg_set/9E/00358_9E.jpg,9E
mtg_set/FUT/00359_FUT.jpg,FUT
mtg_set/FUT/00360_FUT.jpg,FUT
mtg_set/FUT/00361_FUT.jpg,FUT
mtg_set/FUT/00362_FUT.jpg,FUT
mtg_set/FUT/00363_FUT.jpg,FUT
mtg_set/FUT/00364_FUT.jpg,FUT
mtg_set/FUT/00365_FUT.jpg,FUT
mtg_set/FUT/00366_FUT.jpg,FUT
mtg_set/FUT/00367_FUT.jpg,FUT
mtg_set/FUT/00368_FUT.jpg,FUT
mtg_set/FUT/00369_FUT.jpg,FUT
mtg_set/FUT/00370_FUT.jpg,FUT
mtg_set/FUT/00371_FUT.jpg,FUT
mtg_set/FUT/00372_FUT.jpg,FUT
mtg_set/FUT/00373_FUT.jpg,FUT
mtg_set/FUT/00374_FUT.jpg,FUT
mtg_set/FUT/00375_FUT.jpg,FUT
mtg_set/FUT/00376_FUT.jpg,FUT
mtg_set/FUT/00377_FUT.jpg,FUT
mtg_set/FUT/00378_FUT.jpg,FUT
mtg_set/FUT/00379_FUT.jpg,FUT
mtg_set/FUT/00380_FUT.jpg,FUT
mtg_set/FUT/00381_FUT.jpg,FUT
mtg_set/FUT/00382_FUT.jpg,FUT
mtg_set/FUT/00383_FUT.jpg,FUT
mtg_set/FUT/00384_FUT.jpg,FUT
mtg_set/FUT/00385_FUT.jpg,FUT
mtg_set/FUT/00386_FUT.jpg,FUT
mtg_set/FUT/00387_FUT.jpg,FUT
mtg_set/FUT/00388_FUT.jpg,FUT
mtg_set/FUT/00389_FUT.jpg,FUT
mtg_set/FUT/00390_FUT.jpg,FUT
mtg_set/FUT/00391_FUT.jpg,FUT
mtg_set/FUT/00392_FUT.jpg,FUT
mtg_set/FUT/00393_FUT.jpg,FUT
mtg_set/FUT/00394_FUT.jpg,FUT
mtg_set/FUT/00395_FUT.jpg,FUT
mtg_set/FUT/00396_FUT.jpg,FUT
mtg_set/FUT/00397_FUT.jpg,FUT
mtg_set/FUT/00398_FUT.jpg,FUT
mtg_set/FUT/00399_FUT.jpg,FUT
mtg_set/FUT/00400_FUT.jpg,FUT
mtg_set/FUT/00401_FUT.jpg,FUT
mtg_set/FUT/00402_FUT.jpg,FUT
mtg_set/FUT/00403_FUT.jpg,FUT
mtg_set/FUT/00404_FUT.jpg,FUT
mtg_set/FUT/00405_FUT.jpg,FUT
mtg_set/FUT/00406_FUT.jpg,FUT
mtg_set/FUT/00407_FUT.jpg,FUT
mtg_set/FUT/00408_FUT.jpg,FUT
mtg_set/FUT/00409_FUT.jpg,FUT
mtg_set/FUT/00410_FUT.jpg,FUT
mtg_set/FUT/00411_FUT.jpg,FUT
mtg_set/FUT/00412_FUT.jpg,FUT
mtg_set/FUT/00413_FUT.jpg,FUT
mtg_set/FUT/00414_FUT.jpg,FUT
mtg_set/FUT/00415_FUT.jpg,FUT
mtg_set/FUT/00416_FUT.jpg,FUT
mtg_set/FUT/00417_FUT.jpg,FUT
mtg_set/FUT/00418_FUT.jpg,FUT
mtg_set/FUT/00419_FUT.jpg,FUT
mtg_set/FUT/00420_FUT.jpg,FUT
mtg_set/FUT/00421_FUT.jpg,FUT
mtg_set/FUT/00422_FUT.jpg,FUT
mtg_set/FUT/00423_FUT.jpg,FUT
mtg_set/FUT/00424_FUT.jpg,FUT
mtg_set/FUT/00425_FUT.jpg,FUT
mtg_set/FUT/00426_FUT.jpg,FUT
mtg_set/FUT/00427_FUT.jpg,FUT
mtg_set/FUT/00428_FUT.jpg,FUT
mtg_set/FUT/00429_FUT.jpg,FUT
mtg_set/FUT/00430_FUT.jpg,FUT
mtg_set/FUT/00431_FUT.jpg,FUT
mtg_set/FUT/00432_FUT.jpg,FUT
mtg_set/FUT/00433_FUT.jpg,FUT
mtg_set/FUT/00434_FUT.jpg,FUT
mtg_set/FUT/00435_FUT.jpg,FUT
mtg_set/FUT/00436_FUT.jpg,FUT
mtg_set/FUT/00437_FUT.jpg,FUT
mtg_set/FUT/00438_FUT.jpg,FUT
mtg_set/FUT/00439_FUT.jpg,FUT
mtg_set/FUT/00440_FUT.jpg,FUT
mtg_set/FUT/00441_FUT.jpg,FUT
mtg_set/FUT/00442_FUT.jpg,FUT
mtg_set/FUT/00443_FUT.jpg,FUT
mtg_set/FUT/00444_FUT.jpg,FUT
mtg_set/FUT/00445_FUT.jpg,FUT
mtg_set/FUT/00446_FUT.jpg,FUT
mtg_set/FUT/00447_FUT.jpg,FUT
mtg_set/FUT/00448_FUT.jpg,FUT
mtg_set/FUT/00449_FUT.jpg,FUT
mtg_set/FUT/00450_FUT.jpg,FUT
mtg_set/FUT/00451_FUT.jpg,FUT
mtg_set/FUT/00452_FUT.jpg,FUT
mtg_set/FUT/00453_FUT.jpg,FUT
mtg_set/FUT/00454_FUT.jpg,FUT
mtg_set/FUT/00455_FUT.jpg,FUT
mtg_set/FUT/00456_FUT.jpg,FUT
mtg_set/FUT/00457_FUT.jpg,FUT
mtg_set/FUT/00458_FUT.jpg,FUT
mtg_set/FUT/00459_FUT.jpg,FUT
mtg_set/FUT/00460_FUT.jpg,FUT
mtg_set/FUT/00461_FUT.jpg,FUT
mtg_set/FUT/00462_FUT.jpg,FUT
mtg_set/FUT/00463_FUT.jpg,FUT
mtg_set/FUT/00464_FUT.jpg,FUT
mtg_set/FUT/00465_FUT.jpg,FUT
mtg_set/FUT/00466_FUT.jpg,FUT
mtg_set/FUT/00467_FUT.jpg,FUT
mtg_set/FUT/00468_FUT.jpg,FUT
mtg_set/FUT/00469_FUT.jpg,FUT
mtg_set/FUT/00470_FUT.jpg,FUT
mtg_set/FUT/00471_FUT.jpg,FUT
mtg_set/FUT/00472_FUT.jpg,FUT
mtg_set/FUT/00473_FUT.jpg,FUT
mtg_set/FUT/00474_FUT.jpg,FUT
mtg_set/FUT/00475_FUT.jpg,FUT
mtg_set/FUT/00476_FUT.jpg,FUT
mtg_set/FUT/00477_FUT.jpg,FUT
mtg_set/FUT/00478_FUT.jpg,FUT
mtg_set/FUT/00479_FUT.jpg,FUT
mtg_set/FUT/00480_FUT.jpg,FUT
mtg_set/FUT/00481_FUT.jpg,FUT
mtg_set/FUT/00482_FUT.jpg,FUT
mtg_set/FUT/00483_FUT.jpg,FUT
mtg_set/FUT/00484_FUT.jpg,FUT
mtg_set/FUT/00485_FUT.jpg,FUT
mtg_set/FUT/00486_FUT.jpg,FUT
mtg_set/FUT/00487_FUT.jpg,FUT
mtg_set/FUT/00488_FUT.jpg,FUT
mtg_set/FUT/00489_FUT.jpg,FUT
mtg_set/FUT/00490_FUT.jpg,FUT
mtg_set/FUT/00491_FUT.jpg,FUT
mtg_set/FUT/00492_FUT.jpg,FUT
mtg_set/FUT/00493_FUT.jpg,FUT
mtg_set/FUT/00494_FUT.jpg,FUT
mtg_set/FUT/00495_FUT.jpg,FUT
mtg_set/FUT/00496_FUT.jpg,FUT
mtg_set/FUT/00497_FUT.jpg,FUT
mtg_set/FUT/00498_FUT.jpg,FUT
mtg_set/FUT/00499_FUT.jpg,FUT
mtg_set/FUT/00500_FUT.jpg,FUT
mtg_set/FUT/00501_FUT.jpg,FUT
mtg_set/FUT/00502_FUT.jpg,FUT
mtg_set/FUT/00503_FUT.jpg,FUT
mtg_set/FUT/00504_FUT.jpg,FUT
mtg_set/FUT/00505_FUT.jpg,FUT
mtg_set/FUT/00506_FUT.jpg,FUT
mtg_set/FUT/00507_FUT.jpg,FUT
mtg_set/FUT/00508_FUT.jpg,FUT
mtg_set/FUT/00509_FUT.jpg,FUT
mtg_set/FUT/00510_FUT.jpg,FUT
mtg_set/FUT/00511_FUT.jpg,FUT
mtg_set/FUT/00512_FUT.jpg,FUT
mtg_set/FUT/00513_FUT.jpg,FUT
mtg_set/FUT/00514_FUT.jpg,FUT
mtg_set/FUT/00515_FUT.jpg,FUT
mtg_set/FUT/00516_FUT.jpg,FUT
mtg_set/FUT/00517_FUT.jpg,FUT
mtg_set/FUT/00518_FUT.jpg,FUT
mtg_set/FUT/00519_FUT.jpg,FUT
mtg_set/FUT/00520_FUT.jpg,FUT
mtg_set/FUT/00521_FUT.jpg,FUT
mtg_set/FUT/00522_FUT.jpg,FUT
mtg_set/FUT/00523_FUT.jpg,FUT
mtg_set/FUT/00524_FUT.jpg,FUT
mtg_set/FUT/00525_FUT.jpg,FUT
mtg_set/FUT/00526_FUT.jpg,FUT
mtg_set/FUT/00527_FUT.jpg,FUT
mtg_set/FUT/00528_FUT.jpg,FUT
mtg_set/FUT/00529_FUT.jpg,FUT
mtg_set/FUT/00530_FUT.jpg,FUT
mtg_set/FUT/00531_FUT.jpg,FUT
mtg_set/FUT/00532_FUT.jpg,FUT
mtg_set/FUT/00533_FUT.jpg,FUT
mtg_set/FUT/00534_FUT.jpg,FUT
mtg_set/FUT/00535_FUT.jpg,FUT
mtg_set/FUT/00536_FUT.jpg,FUT
mtg_set/FUT/00537_FUT.jpg,FUT
mtg_set/FUT/00538_FUT.jpg,FUT
mtg_set/PLC/00539_PLC.jpg,PLC
mtg_set/PLC/00540_PLC.jpg,PLC
mtg_set/PLC/00541_PLC.jpg,PLC
mtg_set/PLC/00542_PLC.jpg,PLC
mtg_set/PLC/00543_PLC.jpg,PLC
mtg_set/PLC/00544_PLC.jpg,PLC
mtg_set/PLC/00545_PLC.jpg,PLC
mtg_set/PLC/00546_PLC.jpg,PLC
mtg_set/PLC/00547_PLC.jpg,PLC
mtg_set/PLC/00548_PLC.jpg,PLC
mtg_set/PLC/00549_PLC.jpg,PLC
mtg_set/PLC/00550_PLC.jpg,PLC
mtg_set/PLC/00551_PLC.jpg,PLC
mtg_set/PLC/00552_PLC.jpg,PLC
mtg_set/PLC/00553_PLC.jpg,PLC
mtg_set/PLC/00554_PLC.jpg,PLC
mtg_set/PLC/00555_PLC.jpg,PLC
mtg_set/PLC/00556_PLC.jpg,PLC
mtg_set/PLC/00557_PLC.jpg,PLC
mtg_set/PLC/00558_PLC.jpg,PLC
mtg_set/PLC/00559_PLC.jpg,PLC
mtg_set/PLC/00560_PLC.jpg,PLC
mtg_set/PLC/00561_PLC.jpg,PLC
mtg_set/PLC/00562_PLC.jpg,PLC
mtg_set/PLC/00563_PLC.jpg,PLC
mtg_set/PLC/00564_PLC.jpg,PLC
mtg_set/PLC/00565_PLC.jpg,PLC
mtg_set/PLC/00566_PLC.jpg,PLC
mtg_set/PLC/00567_PLC.jpg,PLC
mtg_set/PLC/00568_PLC.jpg,PLC
mtg_set/PLC/00569_PLC.jpg,PLC
mtg_set/PLC/00570_PLC.jpg,PLC
mtg_set/PLC/00571_PLC.jpg,PLC
mtg_set/PLC/00572_PLC.jpg,PLC
mtg_set/PLC/00573_PLC.jpg,PLC
mtg_set/PLC/00574_PLC.jpg,PLC
mtg_set/PLC/00575_PLC.jpg,PLC
mtg_set/PLC/00576_PLC.jpg,PLC
mtg_set/PLC/00577_PLC.jpg,PLC
mtg_set/PLC/00578_PLC.jpg,PLC
mtg_set/PLC/00579_PLC.jpg,PLC
mtg_set/PLC/00580_PLC.jpg,PLC
mtg_set/PLC/00581_PLC.jpg,PLC
mtg_set/PLC/00582_PLC.jpg,PLC
mtg_set/PLC/00583_PLC.jpg,PLC
mtg_set/PLC/00584_PLC.jpg,PLC
mtg_set/PLC/00585_PLC.jpg,PLC
mtg_set/PLC/00586_PLC.jpg,PLC
mtg_set/PLC/00587_PLC.jpg,PLC
mtg_set/PLC/00588_PLC.jpg,PLC
mtg_set/PLC/00589_PLC.jpg,PLC
mtg_set/PLC/00590_PLC.jpg,PLC
mtg_set/PLC/00591_PLC.jpg,PLC
mtg_set/PLC/00592_PLC.jpg,PLC
mtg_set/PLC/00593_PLC.jpg,PLC
mtg_set/PLC/00594_PLC.jpg,PLC
mtg_set/PLC/00595_PLC.jpg,PLC
mtg_set/PLC/00596_PLC.jpg,PLC
mtg_set/PLC/00597_PLC.jpg,PLC
mtg_set/PLC/00598_PLC.jpg,PLC
mtg_set/PLC/00599_PLC.jpg,PLC
mtg_set/PLC/00600_PLC.jpg,PLC
mtg_set/PLC/00601_PLC.jpg,PLC
mtg_set/PLC/00602_PLC.jpg,PLC
mtg_set/PLC/00603_PLC.jpg,PLC
mtg_set/PLC/00604_PLC.jpg,PLC
mtg_set/PLC/00605_PLC.jpg,PLC
mtg_set/PLC/00606_PLC.jpg,PLC
mtg_set/PLC/00607_PLC.jpg,PLC
mtg_set/PLC/00608_PLC.jpg,PLC
mtg_set/PLC/00609_PLC.jpg,PLC
mtg_set/PLC/00610_PLC.jpg,PLC
mtg_set/PLC/00611_PLC.jpg,PLC
mtg_set/PLC/00612_PLC.jpg,PLC
mtg_set/PLC/00613_PLC.jpg,PLC
mtg_set/PLC/00614_PLC.jpg,PLC
mtg_set/PLC/00615_PLC.jpg,PLC
mtg_set/PLC/00616_PLC.jpg,PLC
mtg_set/PLC/00617_PLC.jpg,PLC
mtg_set/PLC/00618_PLC.jpg,PLC
mtg_set/PLC/00619_PLC.jpg,PLC
mtg_set/PLC/00620_PLC.jpg,PLC
mtg_set/PLC/00621_PLC.jpg,PLC
mtg_set/PLC/00622_PLC.jpg,PLC
mtg_set/PLC/00623_PLC.jpg,PLC
mtg_set/PLC/00624_PLC.jpg,PLC
mtg_set/PLC/00625_PLC.jpg,PLC
mtg_set/PLC/00626_PLC.jpg,PLC
mtg_set/PLC/00627_PLC.jpg,PLC
mtg_set/PLC/00628_PLC.jpg,PLC
mtg_set/PLC/00629_PLC.jpg,PLC
mtg_set/PLC/00630_PLC.jpg,PLC
mtg_set/PLC/00631_PLC.jpg,PLC
mtg_set/PLC/00632_PLC.jpg,PLC
mtg_set/PLC/00633_PLC.jpg,PLC
mtg_set/PLC/00634_PLC.jpg,PLC
mtg_set/PLC/00635_PLC.jpg,PLC
mtg_set/PLC/00636_PLC.jpg,PLC
mtg_set/PLC/00637_PLC.jpg,PLC
mtg_set/PLC/00638_PLC.jpg,PLC
mtg_set/PLC/00639_PLC.jpg,PLC
mtg_set/PLC/00640_PLC.jpg,PLC
mtg_set/PLC/00641_PLC.jpg,PLC
mtg_set/PLC/00642_PLC.jpg,PLC
mtg_set/PLC/00643_PLC.jpg,PLC
mtg_set/PLC/00644_PLC.jpg,PLC
mtg_set/PLC/00645_PLC.jpg,PLC
mtg_set/PLC/00646_PLC.jpg,PLC
mtg_set/PLC/00647_PLC.jpg,PLC
mtg_set/PLC/00648_PLC.jpg,PLC
mtg_set/PLC/00649_PLC.jpg,PLC
mtg_set/PLC/00650_PLC.jpg,PLC
mtg_set/PLC/00651_PLC.jpg,PLC
mtg_set/PLC/00652_PLC.jpg,PLC
mtg_set/PLC/00653_PLC.jpg,PLC
mtg_set/PLC/00654_PLC.jpg,PLC
mtg_set/PLC/00655_PLC.jpg,PLC
mtg_set/PLC/00656_PLC.jpg,PLC
mtg_set/PLC/00657_PLC.jpg,PLC
mtg_set/PLC/00658_PLC.jpg,PLC
mtg_set/PLC/00659_PLC.jpg,PLC
mtg_set/PLC/00660_PLC.jpg,PLC
mtg_set/PLC/00661_PLC.jpg,PLC
mtg_set/PLC/00662_PLC.jpg,PLC
mtg_set/PLC/00663_PLC.jpg,PLC
mtg_set/PLC/00664_PLC.jpg,PLC
mtg_set/PLC/00665_PLC.jpg,PLC
mtg_set/PLC/00666_PLC.jpg,PLC
mtg_set/PLC/00667_PLC.jpg,PLC
mtg_set/PLC/00668_PLC.jpg,PLC
mtg_set/PLC/00669_PLC.jpg,PLC
mtg_set/PLC/00670_PLC.jpg,PLC
mtg_set/PLC/00671_PLC.jpg,PLC
mtg_set/PLC/00672_PLC.jpg,PLC
mtg_set/PLC/00673_PLC.jpg,PLC
mtg_set/PLC/00674_PLC.jpg,PLC
mtg_set/PLC/00675_PLC.jpg,PLC
mtg_set/PLC/00676_PLC.jpg,PLC
mtg_set/PLC/00677_PLC.jpg,PLC
mtg_set/PLC/00678_PLC.jpg,PLC
mtg_set/PLC/00679_PLC.jpg,PLC
mtg_set/PLC/00680_PLC.jpg,PLC
mtg_set/PLC/00681_PLC.jpg,PLC
mtg_set/PLC/00682_PLC.jpg,PLC
mtg_set/PLC/00683_PLC.jpg,PLC
mtg_set/PLC/00684_PLC.jpg,PLC
mtg_set/PLC/00685_PLC.jpg,PLC
mtg_set/PLC/00686_PLC.jpg,PLC
mtg_set/PLC/00687_PLC.jpg,PLC
mtg_set/PLC/00688_PLC.jpg,PLC
mtg_set/PLC/00689_PLC.jpg,PLC
mtg_set/PLC/00690_PLC.jpg,PLC
mtg_set/PLC/00691_PLC.jpg,PLC
mtg_set/PLC/00692_PLC.jpg,PLC
mtg_set/PLC/00693_PLC.jpg,PLC
mtg_set/PLC/00694_PLC.jpg,PLC
mtg_set/PLC/00695_PLC.jpg,PLC
mtg_set/PLC/00696_PLC.jpg,PLC
mtg_set/PLC/00697_PLC.jpg,PLC
mtg_set/PLC/00698_PLC.jpg,PLC
mtg_set/PLC/00699_PLC.jpg,PLC
mtg_set/PLC/00700_PLC.jpg,PLC
mtg_set/PLC/00701_PLC.jpg,PLC
mtg_set/PLC/00702_PLC.jpg,PLC
mtg_set/PLC/00703_PLC.jpg,PLC
mtg_set/TSP/00704_TSP.jpg,TSP
mtg_set/TSP/00705_TSP.jpg,TSP
mtg_set/TSP/00706_TSP.jpg,TSP
mtg_set/TSP/00707_TSP.jpg,TSP
mtg_set/TSP/00708_TSP.jpg,TSP
mtg_set/TSP/00709_TSP.jpg,TSP
mtg_set/TSP/00710_TSP.jpg,TSP
mtg_set/TSP/00711_TSP.jpg,TSP
mtg_set/TSP/00712_TSP.jpg,TSP
mtg_set/TSP/00713_TSP.jpg,TSP
mtg_set/TSP/00714_TSP.jpg,TSP
mtg_set/TSP/00715_TSP.jpg,TSP
mtg_set/TSP/00716_TSP.jpg,TSP
mtg_set/TSP/00717_TSP.jpg,TSP
mtg_set/TSP/00718_TSP.jpg,TSP
mtg_set/TSP/00719_TSP.jpg,TSP
mtg_set/TSP/00720_TSP.jpg,TSP
mtg_set/TSP/00721_TSP.jpg,TSP
mtg_set/TSP/00722_TSP.jpg,TSP
mtg_set/TSP/00723_TSP.jpg,TSP
mtg_set/TSP/00724_TSP.jpg,TSP
mtg_set/TSP/00725_TSP.jpg,TSP
mtg_set/TSP/00726_TSP.jpg,TSP
mtg_set/TSP/00727_TSP.jpg,TSP
mtg_set/TSP/00728_TSP.jpg,TSP
mtg_set/TSP/00729_TSP.jpg,TSP
mtg_set/TSP/00730_TSP.jpg,TSP
mtg_set/TSP/00731_TSP.jpg,TSP
mtg_set/TSP/00732_TSP.jpg,TSP
mtg_set/TSP/00733_TSP.jpg,TSP
mtg_set/TSP/00734_TSP.jpg,TSP
mtg_set/TSP/00735_TSP.jpg,TSP
mtg_set/TSP/00736_TSP.jpg,TSP
mtg_set/TSP/00737_TSP.jpg,TSP
mtg_set/TSP/00738_TSP.jpg,TSP
mtg_set/TSP/00739_TSP.jpg,TSP
mtg_set/TSP/00740_TSP.jpg,TSP
mtg_set/TSP/00741_TSP.jpg,TSP
mtg_set/TSP/00742_TSP.jpg,TSP
mtg_set/TSP/00743_TSP.jpg,TSP
mtg_set/TSP/00744_TSP.jpg,TSP
mtg_set/TSP/00745_TSP.jpg,TSP
mtg_set/TSP/00746_TSP.jpg,TSP
mtg_set/TSP/00747_TSP.jpg,TSP
mtg_set/TSP/00748_TSP.jpg,TSP
mtg_set/TSP/00749_TSP.jpg,TSP
mtg_set/TSP/00750_TSP.jpg,TSP
mtg_set/TSP/00751_TSP.jpg,TSP
mtg_set/TSP/00752_TSP.jpg,TSP
mtg_set/TSP/00753_TSP.jpg,TSP
mtg_set/TSP/00754_TSP.jpg,TSP
mtg_set/TSP/00755_TSP.jpg,TSP
mtg_set/TSP/00756_TSP.jpg,TSP
mtg_set/TSP/00757_TSP.jpg,TSP
mtg_set/TSP/00758_TSP.jpg,TSP
mtg_set/TSP/00759_TSP.jpg,TSP
mtg_set/TSP/00760_TSP.jpg,TSP
mtg_set/TSP/00761_TSP.jpg,TSP
mtg_set/TSP/00762_TSP.jpg,TSP
mtg_set/TSP/00763_TSP.jpg,TSP
mtg_set/TSP/00764_TSP.jpg,TSP
mtg_set/TSP/00765_TSP.jpg,TSP
mtg_set/TSP/00766_TSP.jpg,TSP
mtg_set/TSP/00767_TSP.jpg,TSP
mtg_set/TSP/00768_TSP.jpg,TSP
mtg_set/TSP/00769_TSP.jpg,TSP
mtg_set/TSP/00770_TSP.jpg,TSP
mtg_set/TSP/00771_TSP.jpg,TSP
mtg_set/TSP/00772_TSP.jpg,TSP
mtg_set/TSP/00773_TSP.jpg,TSP
mtg_set/TSP/00774_TSP.jpg,TSP
mtg_set/TSP/00775_TSP.jpg,TSP
mtg_set/TSP/00776_TSP.jpg,TSP
mtg_set/TSP/00777_TSP.jpg,TSP
mtg_set/TSP/00778_TSP.jpg,TSP
mtg_set/TSP/00779_TSP.jpg,TSP
mtg_set/TSP/00780_TSP.jpg,TSP
mtg_set/TSP/00781_TSP.jpg,TSP
mtg_set/TSP/00782_TSP.jpg,TSP
mtg_set/TSP/00783_TSP.jpg,TSP
mtg_set/TSP/00784_TSP.jpg,TSP
mtg_set/TSP/00785_TSP.jpg,TSP
mtg_set/TSP/00786_TSP.jpg,TSP
mtg_set/TSP/00787_TSP.jpg,TSP
mtg_set/TSP/00788_TSP.jpg,TSP
mtg_set/TSP/00789_TSP.jpg,TSP
mtg_set/TSP/00790_TSP.jpg,TSP
mtg_set/TSP/00791_TSP.jpg,TSP
mtg_set/TSP/00792_TSP.jpg,TSP
mtg_set/TSP/00793_TSP.jpg,TSP
mtg_set/TSP/00794_TSP.jpg,TSP
mtg_set/TSP/00795_TSP.jpg,TSP
mtg_set/TSP/00796_TSP.jpg,TSP
mtg_set/TSP/00797_TSP.jpg,TSP
mtg_set/TSP/00798_TSP.jpg,TSP
mtg_set/TSP/00799_TSP.jpg,TSP
mtg_set/TSP/00800_TSP.jpg,TSP
mtg_set/TSP/00801_TSP.jpg,TSP
mtg_set/TSP/00802_TSP.jpg,TSP
mtg_set/TSP/00803_TSP.jpg,TSP
mtg_set/TSP/00804_TSP.jpg,TSP
mtg_set/TSP/00805_TSP.jpg,TSP
mtg_set/TSP/00806_TSP.jpg,TSP
mtg_set/TSP/00807_TSP.jpg,TSP
mtg_set/TSP/00808_TSP.jpg,TSP
mtg_set/TSP/00809_TSP.jpg,TSP
mtg_set/TSP/00810_TSP.jpg,TSP
mtg_set/TSP/00811_TSP.jpg,TSP
mtg_set/TSP/00812_TSP.jpg,TSP
mtg_set/TSP/00813_TSP.jpg,TSP
mtg_set/TSP/00814_TSP.jpg,TSP
mtg_set/TSP/00815_TSP.jpg,TSP
mtg_set/TSP/00816_TSP.jpg,TSP
mtg_set/TSP/00817_TSP.jpg,TSP
mtg_set/TSP/00818_TSP.jpg,TSP
mtg_set/TSP/00819_TSP.jpg,TSP
mtg_set/TSP/00820_TSP.jpg,TSP
mtg_set/TSP/00821_TSP.jpg,TSP
mtg_set/TSP/00822_TSP.jpg,TSP
mtg_set/TSP/00823_TSP.jpg,TSP
mtg_set/TSP/00824_TSP.jpg,TSP
mtg_set/TSP/00825_TSP.jpg,TSP
mtg_set/TSP/00826_TSP.jpg,TSP
mtg_set/TSP/00827_TSP.jpg,TSP
mtg_set/TSP/00828_TSP.jpg,TSP
mtg_set/TSP/00829_TSP.jpg,TSP
mtg_set/TSP/00830_TSP.jpg,TSP
mtg_set/TSP/00831_TSP.jpg,TSP
mtg_set/TSP/00832_TSP.jpg,TSP
mtg_set/TSP/00833_TSP.jpg,TSP
mtg_set/TSP/00834_TSP.jpg,TSP
mtg_set/TSP/00835_TSP.jpg,TSP
mtg_set/TSP/00836_TSP.jpg,TSP
mtg_set/TSP/00837_TSP.jpg,TSP
mtg_set/TSP/00838_TSP.jpg,TSP
mtg_set/TSP/00839_TSP.jpg,TSP
mtg_set/TSP/00840_TSP.jpg,TSP
mtg_set/TSP/00841_TSP.jpg,TSP
mtg_set/TSP/00842_TSP.jpg,TSP
mtg_set/TSP/00843_TSP.jpg,TSP
mtg_set/TSP/00844_TSP.jpg,TSP
mtg_set/TSP/00845_TSP.jpg,TSP
mtg_set/TSP/00846_TSP.jpg,TSP
mtg_set/TSP/00847_TSP.jpg,TSP
mtg_set/TSP/00848_TSP.jpg,TSP
mtg_set/TSP/00849_TSP.jpg,TSP
mtg_set/TSP/00850_TSP.jpg,TSP
mtg_set/TSP/00851_TSP.jpg,TSP
mtg_set/TSP/00852_TSP.jpg,TSP
mtg_set/TSP/00853_TSP.jpg,TSP
mtg_set/TSP/00854_TSP.jpg,TSP
mtg_set/TSP/00855_TSP.jpg,TSP
mtg_set/TSP/00856_TSP.jpg,TSP
mtg_set/TSP/00857_TSP.jpg,TSP
mtg_set/TSP/00858_TSP.jpg,TSP
mtg_set/TSP/00859_TSP.jpg,TSP
mtg_set/TSP/00860_TSP.jpg,TSP
mtg_set/TSP/00861_TSP.jpg,TSP
mtg_set/TSP/00862_TSP.jpg,TSP
mtg_set/TSP/00863_TSP.jpg,TSP
mtg_set/TSP/00864_TSP.jpg,TSP
mtg_set/TSP/00865_TSP.jpg,TSP
mtg_set/TSP/00866_TSP.jpg,TSP
mtg_set/TSP/00867_TSP.jpg,TSP
mtg_set/TSP/00868_TSP.jpg,TSP
mtg_set/TSP/00869_TSP.jpg,TSP
mtg_set/TSP/00870_TSP.jpg,TSP
mtg_set/TSP/00871_TSP.jpg,TSP
mtg_set/TSP/00872_TSP.jpg,TSP
mtg_set/TSP/00873_TSP.jpg,TSP
mtg_set/TSP/00874_TSP.jpg,TSP
mtg_set/TSP/00875_TSP.jpg,TSP
mtg_set/TSP/00876_TSP.jpg,TSP
mtg_set/TSP/00877_TSP.jpg,TSP
mtg_set/TSP/00878_TSP.jpg,TSP
mtg_set/TSP/00879_TSP.jpg,TSP
mtg_set/TSP/00880_TSP.jpg,TSP
mtg_set/TSP/00881_TSP.jpg,TSP
mtg_set/TSP/00882_TSP.jpg,TSP
mtg_set/TSP/00883_TSP.jpg,TSP
mtg_set/TSP/00884_TSP.jpg,TSP
mtg_set/TSP/00885_TSP.jpg,TSP
mtg_set/TSP/00886_TSP.jpg,TSP
mtg_set/TSP/00887_TSP.jpg,TSP
mtg_set/TSP/00888_TSP.jpg,TSP
mtg_set/TSP/00889_TSP.jpg,TSP
mtg_set/TSP/00890_TSP.jpg,TSP
mtg_set/TSP/00891_TSP.jpg,TSP
mtg_set/TSP/00892_TSP.jpg,TSP
mtg_set/TSP/00893_TSP.jpg,TSP
mtg_set/TSP/00894_TSP.jpg,TSP
mtg_set/TSP/00895_TSP.jpg,TSP
mtg_set/TSP/00896_TSP.jpg,TSP
mtg_set/TSP/00897_TSP.jpg,TSP
mtg_set/TSP/00898_TSP.jpg,TSP
mtg_set/TSP/00899_TSP.jpg,TSP
mtg_set/TSP/00900_TSP.jpg,TSP
mtg_set/TSP/00901_TSP.jpg,TSP
mtg_set/TSP/00902_TSP.jpg,TSP
mtg_set/TSP/00903_TSP.jpg,TSP
mtg_set/TSP/00904_TSP.jpg,TSP
mtg_set/TSP/00905_TSP.jpg,TSP
mtg_set/TSP/00906_TSP.jpg,TSP
mtg_set/TSP/00907_TSP.jpg,TSP
mtg_set/TSP/00908_TSP.jpg,TSP
mtg_set/TSP/00909_TSP.jpg,TSP
mtg_set/TSP/00910_TSP.jpg,TSP
mtg_set/TSP/00911_TSP.jpg,TSP
mtg_set/TSP/00912_TSP.jpg,TSP
mtg_set/TSP/00913_TSP.jpg,TSP
mtg_set/TSP/00914_TSP.jpg,TSP
mtg_set/TSP/00915_TSP.jpg,TSP
mtg_set/TSP/00916_TSP.jpg,TSP
mtg_set/TSP/00917_TSP.jpg,TSP
mtg_set/TSP/00918_TSP.jpg,TSP
mtg_set/TSP/00919_TSP.jpg,TSP
mtg_set/TSP/00920_TSP.jpg,TSP
mtg_set/TSP/00921_TSP.jpg,TSP
mtg_set/TSP/00922_TSP.jpg,TSP
mtg_set/TSP/00923_TSP.jpg,TSP
mtg_set/TSP/00924_TSP.jpg,TSP
mtg_set/TSP/00925_TSP.jpg,TSP
mtg_set/TSP/00926_TSP.jpg,TSP
mtg_set/TSP/00927_TSP.jpg,TSP
mtg_set/TSP/00928_TSP.jpg,TSP
mtg_set/TSP/00929_TSP.jpg,TSP
mtg_set/TSP/00930_TSP.jpg,TSP
mtg_set/TSP/00931_TSP.jpg,TSP
mtg_set/TSP/00932_TSP.jpg,TSP
mtg_set/TSP/00933_TSP.jpg,TSP
mtg_set/TSP/00934_TSP.jpg,TSP
mtg_set/TSP/00935_TSP.jpg,TSP
mtg_set/TSP/00936_TSP.jpg,TSP
mtg_set/TSP/00937_TSP.jpg,TSP
mtg_set/TSP/00938_TSP.jpg,TSP
mtg_set/TSP/00939_TSP.jpg,TSP
mtg_set/TSP/00940_TSP.jpg,TSP
mtg_set/TSP/00941_TSP.jpg,TSP
mtg_set/TSP/00942_TSP.jpg,TSP
mtg_set/TSP/00943_TSP.jpg,TSP
mtg_set/TSP/00944_TSP.jpg,TSP
mtg_set/TSP/00945_TSP.jpg,TSP
mtg_set/TSP/00946_TSP.jpg,TSP
mtg_set/TSP/00947_TSP.jpg,TSP
mtg_set/TSP/00948_TSP.jpg,TSP
mtg_set/TSP/00949_TSP.jpg,TSP
mtg_set/TSP/00950_TSP.jpg,TSP
mtg_set/TSP/00951_TSP.jpg,TSP
mtg_set/TSP/00952_TSP.jpg,TSP
mtg_set/TSP/00953_TSP.jpg,TSP
mtg_set/TSP/00954_TSP.jpg,TSP
mtg_set/TSP/00955_TSP.jpg,TSP
mtg_set/TSP/00956_TSP.jpg,TSP
mtg_set/TSP/00957_TSP.jpg,TSP
mtg_set/TSP/00958_TSP.jpg,TSP
mtg_set/TSP/00959_TSP.jpg,TSP
mtg_set/TSP/00960_TSP.jpg,TSP
mtg_set/TSP/00961_TSP.jpg,TSP
mtg_set/TSP/00962_TSP.jpg,TSP
mtg_set/TSP/00963_TSP.jpg,TSP
mtg_set/TSP/00964_TSP.jpg,TSP
mtg_set/TSP/00965_TSP.jpg,TSP
mtg_set/TSP/00966_TSP.jpg,TSP
mtg_set/TSP/00967_TSP.jpg,TSP
mtg_set/TSP/00968_TSP.jpg,TSP
mtg_set/TSP/00969_TSP.jpg,TSP
mtg_set/TSP/00970_TSP.jpg,TSP
mtg_set/TSP/00971_TSP.jpg,TSP
mtg_set/TSP/00972_TSP.jpg,TSP
mtg_set/TSP/00973_TSP.jpg,TSP
mtg_set/TSP/00974_TSP.jpg,TSP
mtg_set/TSP/00975_TSP.jpg,TSP
mtg_set/TSP/00976_TSP.jpg,TSP
mtg_set/TSP/00977_TSP.jpg,TSP
mtg_set/TSP/00978_TSP.jpg,TSP
mtg_set/TSP/00979_TSP.jpg,TSP
mtg_set/TSP/00980_TSP.jpg,TSP
mtg_set/TSP/00981_TSP.jpg,TSP
mtg_set/TSP/00982_TSP.jpg,TSP
mtg_set/TSP/00983_TSP.jpg,TSP
mtg_set/TSP/00984_TSP.jpg,TSP
mtg_set/TSP/00985_TSP.jpg,TSP
mtg_set/TSP/00986_TSP.jpg,TSP
mtg_set/TSP/00987_TSP.jpg,TSP
mtg_set/TSP/00988_TSP.jpg,TSP
mtg_set/TSP/00989_TSP.jpg,TSP
mtg_set/TSP/00990_TSP.jpg,TSP
mtg_set/TSP/00991_TSP.jpg,TSP
mtg_set/TSP/00992_TSP.jpg,TSP
mtg_set/TSP/00993_TSP.jpg,TSP
mtg_set/TSP/00994_TSP.jpg,TSP
mtg_set/TSP/00995_TSP.jpg,TSP
mtg_set/TSP/00996_TSP.jpg,TSP
mtg_set/TSP/00997_TSP.jpg,TSP
mtg_set/TSP/00998_TSP.jpg,TSP
mtg_set/TSP/00999_TSP.jpg,TSP
mtg_set/TSP/01000_TSP.jpg,TSP
mtg_set/TSP/01001_TSP.jpg,TSP
mtg_set/TSP/01002_TSP.jpg,TSP
mtg_set/TSP/01003_TSP.jpg,TSP
mtg_set/TSP/01004_TSP.jpg,TSP
mtg_set/UD/01005_UD.jpg,UD
mtg_set/UD/01006_UD.jpg,UD
mtg_set/UD/01007_UD.jpg,UD
mtg_set/UD/01008_UD.jpg,UD
mtg_set/UD/01009_UD.jpg,UD
mtg_set/UD/01010_UD.jpg,UD
mtg_set/UD/01011_UD.jpg,UD
mtg_set/UD/01012_UD.jpg,UD
mtg_set/UD/01013_UD.jpg,UD
mtg_set/UD/01014_UD.jpg,UD
mtg_set/UD/01015_UD.jpg,UD
mtg_set/UD/01016_UD.jpg,UD
mtg_set/UD/01017_UD.jpg,UD
mtg_set/UD/01018_UD.jpg,UD
mtg_set/UD/01019_UD.jpg,UD
mtg_set/UD/01020_UD.jpg,UD
mtg_set/UD/01021_UD.jpg,UD
mtg_set/UD/01022_UD.jpg,UD
mtg_set/UD/01023_UD.jpg,UD
mtg_set/UD/01024_UD.jpg,UD
mtg_set/UD/01025_UD.jpg,UD
mtg_set/UD/01026_UD.jpg,UD
mtg_set/UD/01027_UD.jpg,UD
mtg_set/UD/01028_UD.jpg,UD
mtg_set/UD/01029_UD.jpg,UD
mtg_set/UD/01030_UD.jpg,UD
mtg_set/UD/01031_UD.jpg,UD
mtg_set/UD/01032_UD.jpg,UD
mtg_set/UD/01033_UD.jpg,UD
mtg_set/UD/01034_UD.jpg,UD
mtg_set/UD/01035_UD.jpg,UD
mtg_set/UD/01036_UD.jpg,UD
mtg_set/UD/01037_UD.jpg,UD
mtg_set/UD/01038_UD.jpg,UD
mtg_set/UD/01039_UD.jpg,UD
mtg_set/UD/01040_UD.jpg,UD
mtg_set/UD/01041_UD.jpg,UD
mtg_set/UD/01042_UD.jpg,UD
mtg_set/UD/01043_UD.jpg,UD
mtg_set/UD/01044_UD.jpg,UD
mtg_set/UD/01045_UD.jpg,UD
mtg_set/UD/01046_UD.jpg,UD
mtg_set/UD/01047_UD.jpg,UD
mtg_set/UD/01048_UD.jpg,UD
mtg_set/UD/01049_UD.jpg,UD
mtg_set/UD/01050_UD.jpg,UD
mtg_set/UD/01051_UD.jpg,UD
mtg_set/UD/01052_UD.jpg,UD
mtg_set/UD/01053_UD.jpg,UD
mtg_set/UD/01054_UD.jpg,UD
mtg_set/UD/01055_UD.jpg,UD
mtg_set/UD/01056_UD.jpg,UD
mtg_set/UD/01057_UD.jpg,UD
mtg_set/UD/01058_UD.jpg,UD
mtg_set/UD/01059_UD.jpg,UD
mtg_set/UD/01060_UD.jpg,UD
mtg_set/UD/01061_UD.jpg,UD
mtg_set/UD/01062_UD.jpg,UD
mtg_set/UD/01063_UD.jpg,UD
mtg_set/UD/01064_UD.jpg,UD
mtg_set/UD/01065_UD.jpg,UD
mtg_set/UD/01066_UD.jpg,UD
mtg_set/UD/01067_UD.jpg,UD
mtg_set/UD/01068_UD.jpg,UD
mtg_set/UD/01069_UD.jpg,UD
mtg_set/UD/01070_UD.jpg,UD
mtg_set/UD/01071_UD.jpg,UD
mtg_set/UD/01072_UD.jpg,UD
mtg_set/UD/01073_UD.jpg,UD
mtg_set/UD/01074_UD.jpg,UD
mtg_set/UD/01075_UD.jpg,UD
mtg_set/UD/01076_UD.jpg,UD
mtg_set/UD/01077_UD.jpg,UD
mtg_set/UD/01078_UD.jpg,UD
mtg_set/UD/01079_UD.jpg,UD
mtg_set/UD/01080_UD.jpg,UD
mtg_set/UD/01081_UD.jpg,UD
mtg_set/UD/01082_UD.jpg,UD
mtg_set/UD/01083_UD.jpg,UD
mtg_set/UD/01084_UD.jpg,UD
mtg_set/UD/01085_UD.jpg,UD
mtg_set/UD/01086_UD.jpg,UD
mtg_set/UD/01087_UD.jpg,UD
mtg_set/UD/01088_UD.jpg,UD
mtg_set/UD/01089_UD.jpg,UD
mtg_set/UD/01090_UD.jpg,UD
mtg_set/UD/01091_UD.jpg,UD
mtg_set/UD/01092_UD.jpg,UD
mtg_set/UD/01093_UD.jpg,UD
mtg_set/UD/01094_UD.jpg,UD
mtg_set/UD/01095_UD.jpg,UD
mtg_set/UD/01096_UD.jpg,UD
mtg_set/UD/01097_UD.jpg,UD
mtg_set/UD/01098_UD.jpg,UD
mtg_set/UD/01099_UD.jpg,UD
mtg_set/UD/01100_UD.jpg,UD
mtg_set/UD/01101_UD.jpg,UD
mtg_set/UD/01102_UD.jpg,UD
mtg_set/UD/01103_UD.jpg,UD
mtg_set/UD/01104_UD.jpg,UD
mtg_set/UD/01105_UD.jpg,UD
mtg_set/UD/01106_UD.jpg,UD
mtg_set/UD/01107_UD.jpg,UD
mtg_set/UD/01108_UD.jpg,UD
mtg_set/UD/01109_UD.jpg,UD
mtg_set/UD/01110_UD.jpg,UD
mtg_set/UD/01111_UD.jpg,UD
mtg_set/UD/01112_UD.jpg,UD
mtg_set/UD/01113_UD.jpg,UD
mtg_set/UD/01114_UD.jpg,UD
mtg_set/UD/01115_UD.jpg,UD
mtg_set/UD/01116_UD.jpg,UD
mtg_set/UD/01117_UD.jpg,UD
mtg_set/UD/01118_UD.jpg,UD
mtg_set/UD/01119_UD.jpg,UD
mtg_set/UD/01120_UD.jpg,UD
mtg_set/UD/01121_UD.jpg,UD
mtg_set/UD/01122_UD.jpg,UD
mtg_set/UD/01123_UD.jpg,UD
mtg_set/UD/01124_UD.jpg,UD
mtg_set/UD/01125_UD.jpg,UD
mtg_set/UD/01126_UD.jpg,UD
mtg_set/UD/01127_UD.jpg,UD
mtg_set/UD/01128_UD.jpg,UD
mtg_set/UD/01129_UD.jpg,UD
mtg_set/UD/01130_UD.jpg,UD
mtg_set/UD/01131_UD.jpg,UD
mtg_set/UD/01132_UD.jpg,UD
mtg_set/UD/01133_UD.jpg,UD
mtg_set/UD/01134_UD.jpg,UD
mtg_set/UD/01135_UD.jpg,UD
mtg_set/UD/01136_UD.jpg,UD
mtg_set/UD/01137_UD.jpg,UD
mtg_set/UD/01138_UD.jpg,UD
mtg_set/UD/01139_UD.jpg,UD
mtg_set/UD/01140_UD.jpg,UD
mtg_set/UD/01141_UD.jpg,UD
mtg_set/UD/01142_UD.jpg,UD
mtg_set/UD/01143_UD.jpg,UD
mtg_set/UD/01144_UD.jpg,UD
mtg_set/UD/01145_UD.jpg,UD
mtg_set/UD/01146_UD.jpg,UD
mtg_set/UD/01147_UD.jpg,UD
mtg_set/UL/01148_UL.jpg,UL
mtg_set/UL/01149_UL.jpg,UL
mtg_set/UL/01150_UL.jpg,UL
mtg_set/UL/01151_UL.jpg,UL
mtg_set/UL/01152_UL.jpg,UL
mtg_set/UL/01153_UL.jpg,UL
mtg_set/UL/01154_UL.jpg,UL
mtg_set/UL/01155_UL.jpg,UL
mtg_set/UL/01156_UL.jpg,UL
mtg_set/UL/01157_UL.jpg,UL
mtg_set/UL/01158_UL.jpg,UL
mtg_set/UL/01159_UL.jpg,UL
mtg_set/UL/01160_UL.jpg,UL
mtg_set/UL/01161_UL.jpg,UL
mtg_set/UL/01162_UL.jpg,UL
mtg_set/UL/01163_UL.jpg,UL
mtg_set/UL/01164_UL.jpg,UL
mtg_set/UL/01165_UL.jpg,UL
mtg_set/UL/01166_UL.jpg,UL
mtg_set/UL/01167_UL.jpg,UL
mtg_set/UL/01168_UL.jpg,UL
mtg_set/UL/01169_UL.jpg,UL
mtg_set/UL/01170_UL.jpg,UL
mtg_set/UL/01171_UL.jpg,UL
mtg_set/UL/01172_UL.jpg,UL
mtg_set/UL/01173_UL.jpg,UL
mtg_set/UL/01174_UL.jpg,UL
mtg_set/UL/01175_UL.jpg,UL
mtg_set/UL/01176_UL.jpg,UL
mtg_set/UL/01177_UL.jpg,UL
mtg_set/UL/01178_UL.jpg,UL
mtg_set/UL/01179_UL.jpg,UL
mtg_set/UL/01180_UL.jpg,UL
mtg_set/UL/01181_UL.jpg,UL
mtg_set/UL/01182_UL.jpg,UL
mtg_set/UL/01183_UL.jpg,UL
mtg_set/UL/01184_UL.jpg,UL
mtg_set/UL/01185_UL.jpg,UL
mtg_set/UL/01186_UL.jpg,UL
mtg_set/UL/01187_UL.jpg,UL
mtg_set/UL/01188_UL.jpg,UL
mtg_set/UL/01189_UL.jpg,UL
mtg_set/UL/01190_UL.jpg,UL
mtg_set/UL/01191_UL.jpg,UL
mtg_set/UL/01192_UL.jpg,UL
mtg_set/UL/01193_UL.jpg,UL
mtg_set/UL/01194_UL.jpg,UL
mtg_set/UL/01195_UL.jpg,UL
mtg_set/UL/01196_UL.jpg,UL
mtg_set/UL/01197_UL.jpg,UL
mtg_set/UL/01198_UL.jpg,UL
mtg_set/UL/01199_UL.jpg,UL
mtg_set/UL/01200_UL.jpg,UL
mtg_set/UL/01201_UL.jpg,UL
mtg_set/UL/01202_UL.jpg,UL
mtg_set/UL/01203_UL.jpg,UL
mtg_set/UL/01204_UL.jpg,UL
mtg_set/UL/01205_UL.jpg,UL
mtg_set/UL/01206_UL.jpg,UL
mtg_set/UL/01207_UL.jpg,UL
mtg_set/UL/01208_UL.jpg,UL
mtg_set/UL/01209_UL.jpg,UL
mtg_set/UL/01210_UL.jpg,UL
mtg_set/UL/01211_UL.jpg,UL
mtg_set/UL/01212_UL.jpg,UL
mtg_set/UL/01213_UL.jpg,UL
mtg_set/UL/01214_UL.jpg,UL
mtg_set/UL/01215_UL.jpg,UL
mtg_set/UL/01216_UL.jpg,UL
mtg_set/UL/01217_UL.jpg,UL
mtg_set/UL/01218_UL.jpg,UL
mtg_set/UL/01219_UL.jpg,UL
mtg_set/UL/01220_UL.jpg,UL
mtg_set/UL/01221_UL.jpg,UL
mtg_set/UL/01222_UL.jpg,UL
mtg_set/UL/01223_UL.jpg,UL
mtg_set/UL/01224_UL.jpg,UL
mtg_set/UL/01225_UL.jpg,UL
mtg_set/UL/01226_UL.jpg,UL
mtg_set/UL/01227_UL.jpg,UL
mtg_set/UL/01228_UL.jpg,UL
mtg_set/UL/01229_UL.jpg,UL
mtg_set/UL/01230_UL.jpg,UL
mtg_set/UL/01231_UL.jpg,UL
mtg_set/UL/01232_UL.jpg,UL
mtg_set/UL/01233_UL.jpg,UL
mtg_set/UL/01234_UL.jpg,UL
mtg_set/UL/01235_UL.jpg,UL
mtg_set/UL/01236_UL.jpg,UL
mtg_set/UL/01237_UL.jpg,UL
mtg_set/UL/01238_UL.jpg,UL
mtg_set/UL/01239_UL.jpg,UL
mtg_set/UL/01240_UL.jpg,UL
mtg_set/UL/01241_UL.jpg,UL
mtg_set/UL/01242_UL.jpg,UL
mtg_set/UL/01243_UL.jpg,UL
mtg_set/UL/01244_UL.jpg,UL
mtg_set/UL/01245_UL.jpg,UL
mtg_set/UL/01246_UL.jpg,UL
mtg_set/UL/01247_UL.jpg,UL
mtg_set/UL/01248_UL.jpg,UL
mtg_set/UL/01249_UL.jpg,UL
mtg_set/UL/01250_UL.jpg,UL
mtg_set/UL/01251_UL.jpg,UL
mtg_set/UL/01252_UL.jpg,UL
mtg_set/UL/01253_UL.jpg,UL
mtg_set/UL/01254_UL.jpg,UL
mtg_set/UL/01255_UL.jpg,UL
mtg_set/UL/01256_UL.jpg,UL
mtg_set/UL/01257_UL.jpg,UL
mtg_set/UL/01258_UL.jpg,UL
mtg_set/UL/01259_UL.jpg,UL
mtg_set/UL/01260_UL.jpg,UL
mtg_set/UL/01261_UL.jpg,UL
mtg_set/UL/01262_UL.jpg,UL
mtg_set/UL/01263_UL.jpg,UL
mtg_set/UL/01264_UL.jpg,UL
mtg_set/UL/01265_UL.jpg,UL
mtg_set/UL/01266_UL.jpg,UL
mtg_set/UL/01267_UL.jpg,UL
mtg_set/UL/01268_UL.jpg,UL
mtg_set/UL/01269_UL.jpg,UL
mtg_set/UL/01270_UL.jpg,UL
mtg_set/UL/01271_UL.jpg,UL
mtg_set/UL/01272_UL.jpg,UL
mtg_set/UL/01273_UL.jpg,UL
mtg_set/UL/01274_UL.jpg,UL
mtg_set/UL/01275_UL.jpg,UL
mtg_set/UL/01276_UL.jpg,UL
mtg_set/UL/01277_UL.jpg,UL
mtg_set/UL/01278_UL.jpg,UL
mtg_set/UL/01279_UL.jpg,UL
mtg_set/UL/01280_UL.jpg,UL
mtg_set/UL/01281_UL.jpg,UL
mtg_set/UL/01282_UL.jpg,UL
mtg_set/UL/01283_UL.jpg,UL
mtg_set/UL/01284_UL.jpg,UL
mtg_set/UL/01285_UL.jpg,UL
mtg_set/UL/01286_UL.jpg,UL
mtg_set/UL/01287_UL.jpg,UL
mtg_set/UL/01288_UL.jpg,UL
mtg_set/UL/01289_UL.jpg,UL
mtg_set/UL/01290_UL.jpg,UL
mtg_set/US/01291_US.jpg,US
mtg_set/US/01292_US.jpg,US
mtg_set/US/01293_US.jpg,US
mtg_set/US/01294_US.jpg,US
mtg_set/US/01295_US.jpg,US
mtg_set/US/01296_US.jpg,US
mtg_set/US/01297_US.jpg,US
mtg_set/US/01298_US.jpg,US
mtg_set/US/01299_US.jpg,US
mtg_set/US/01300_US.jpg,US
mtg_set/US/01301_US.jpg,US
mtg_set/US/01302_US.jpg,US
mtg_set/US/01303_US.jpg,US
mtg_set/US/01304_US.jpg,US
mtg_set/US/01305_US.jpg,US
mtg_set/US/01306_US.jpg,US
mtg_set/US/01307_US.jpg,US
mtg_set/US/01308_US.jpg,US
mtg_set/US/01309_US.jpg,US
mtg_set/US/01310_US.jpg,US
mtg_set/US/01311_US.jpg,US
mtg_set/US/01312_US.jpg,US
mtg_set/US/01313_US.jpg,US
mtg_set/US/01314_US.jpg,US
mtg_set/US/01315_US.jpg,US
mtg_set/US/01316_US.jpg,US
mtg_set/US/01317_US.jpg,US
mtg_set/US/01318_US.jpg,US
mtg_set/US/01319_US.jpg,US
mtg_set/US/01320_US.jpg,US
mtg_set/US/01321_US.jpg,US
mtg_set/US/01322_US.jpg,US
mtg_set/US/01323_US.jpg,US
mtg_set/US/01324_US.jpg,US
mtg_set/US/01325_US.jpg,US
mtg_set/US/01326_US.jpg,US
mtg_set/US/01327_US.jpg,US
mtg_set/US/01328_US.jpg,US
mtg_set/US/01329_US.jpg,US
mtg_set/US/01330_US.jpg,US
mtg_set/US/01331_US.jpg,US
mtg_set/US/01332_US.jpg,US
mtg_set/US/01333_US.jpg,US
mtg_set/US/01334_US.jpg,US
mtg_set/US/01335_US.jpg,US
mtg_set/US/01336_US.jpg,US
mtg_set/US/01337_US.jpg,US
mtg_set/US/01338_US.jpg,US
mtg_set/US/01339_US.jpg,US
mtg_set/US/01340_US.jpg,US
mtg_set/US/01341_US.jpg,US
mtg_set/US/01342_US.jpg,US
mtg_set/US/01343_US.jpg,US
mtg_set/US/01344_US.jpg,US
mtg_set/US/01345_US.jpg,US
mtg_set/US/01346_US.jpg,US
mtg_set/US/01347_US.jpg,US
mtg_set/US/01348_US.jpg,US
mtg_set/US/01349_US.jpg,US
mtg_set/US/01350_US.jpg,US
mtg_set/US/01351_US.jpg,US
mtg_set/US/01352_US.jpg,US
mtg_set/US/01353_US.jpg,US
mtg_set/US/01354_US.jpg,US
mtg_set/US/01355_US.jpg,US
mtg_set/US/01356_US.jpg,US
mtg_set/US/01357_US.jpg,US
mtg_set/US/01358_US.jpg,US
mtg_set/US/01359_US.jpg,US
mtg_set/US/01360_US.jpg,US
mtg_set/US/01361_US.jpg,US
mtg_set/US/01362_US.jpg,US
mtg_set/US/01363_US.jpg,US
mtg_set/US/01364_US.jpg,US
mtg_set/US/01365_US.jpg,US
mtg_set/US/01366_US.jpg,US
mtg_set/US/01367_US.jpg,US
mtg_set/US/01368_US.jpg,US
mtg_set/US/01369_US.jpg,US
mtg_set/US/01370_US.jpg,US
mtg_set/US/01371_US.jpg,US
mtg_set/US/01372_US.jpg,US
mtg_set/US/01373_US.jpg,US
mtg_set/US/01374_US.jpg,US
mtg_set/US/01375_US.jpg,US
mtg_set/US/01376_US.jpg,US
mtg_set/US/01377_US.jpg,US
mtg_set/US/01378_US.jpg,US
mtg_set/US/01379_US.jpg,US
mtg_set/US/01380_US.jpg,US
mtg_set/US/01381_US.jpg,US
mtg_set/US/01382_US.jpg,US
mtg_set/US/01383_US.jpg,US
mtg_set/US/01384_US.jpg,US
mtg_set/US/01385_US.jpg,US
mtg_set/US/01386_US.jpg,US
mtg_set/US/01387_US.jpg,US
mtg_set/US/01388_US.jpg,US
mtg_set/US/01389_US.jpg,US
mtg_set/US/01390_US.jpg,US
mtg_set/US/01391_US.jpg,US
mtg_set/US/01392_US.jpg,US
mtg_set/US/01393_US.jpg,US
mtg_set/US/01394_US.jpg,US
mtg_set/US/01395_US.jpg,US
mtg_set/US/01396_US.jpg,US
mtg_set/US/01397_US.jpg,US
mtg_set/US/01398_US.jpg,US
mtg_set/US/01399_US.jpg,US
mtg_set/US/01400_US.jpg,US
mtg_set/US/01401_US.jpg,US
mtg_set/US/01402_US.jpg,US
mtg_set/US/01403_US.jpg,US
mtg_set/US/01404_US.jpg,US
mtg_set/US/01405_US.jpg,US
mtg_set/US/01406_US.jpg,US
mtg_set/US/01407_US.jpg,US
mtg_set/US/01408_US.jpg,US
mtg_set/US/01409_US.jpg,US
mtg_set/US/01410_US.jpg,US
mtg_set/US/01411_US.jpg,US
mtg_set/US/01412_US.jpg,US
mtg_set/US/01413_US.jpg,US
mtg_set/US/01414_US.jpg,US
mtg_set/US/01415_US.jpg,US
mtg_set/US/01416_US.jpg,US
mtg_set/US/01417_US.jpg,US
mtg_set/US/01418_US.jpg,US
mtg_set/US/01419_US.jpg,US
mtg_set/US/01420_US.jpg,US
mtg_set/US/01421_US.jpg,US
mtg_set/US/01422_US.jpg,US
mtg_set/US/01423_US.jpg,US
mtg_set/US/01424_US.jpg,US
mtg_set/US/01425_US.jpg,US
mtg_set/US/01426_US.jpg,US
mtg_set/US/01427_US.jpg,US
mtg_set/US/01428_US.jpg,US
mtg_set/US/01429_US.jpg,US
mtg_set/US/01430_US.jpg,US
mtg_set/US/01431_US.jpg,US
mtg_set/US/01432_US.jpg,US
mtg_set/US/01433_US.jpg,US
mtg_set/US/01434_US.jpg,US
mtg_set/US/01435_US.jpg,US
mtg_set/US/01436_US.jpg,US
mtg_set/US/01437_US.jpg,US
mtg_set/US/01438_US.jpg,US
mtg_set/US/01439_US.jpg,US
mtg_set/US/01440_US.jpg,US
mtg_set/US/01441_US.jpg,US
mtg_set/US/01442_US.jpg,US
mtg_set/US/01443_US.jpg,US
mtg_set/US/01444_US.jpg,US
mtg_set/US/01445_US.jpg,US
mtg_set/US/01446_US.jpg,US
mtg_set/US/01447_US.jpg,US
mtg_set/US/01448_US.jpg,US
mtg_set/US/01449_US.jpg,US
mtg_set/US/01450_US.jpg,US
mtg_set/US/01451_US.jpg,US
mtg_set/US/01452_US.jpg,US
mtg_set/US/01453_US.jpg,US
mtg_set/US/01454_US.jpg,US
mtg_set/US/01455_US.jpg,US
mtg_set/US/01456_US.jpg,US
mtg_set/US/01457_US.jpg,US
mtg_set/US/01458_US.jpg,US
mtg_set/US/01459_US.jpg,US
mtg_set/US/01460_US.jpg,US
mtg_set/US/01461_US.jpg,US
mtg_set/US/01462_US.jpg,US
mtg_set/US/01463_US.jpg,US
mtg_set/US/01464_US.jpg,US
mtg_set/US/01465_US.jpg,US
mtg_set/US/01466_US.jpg,US
mtg_set/US/01467_US.jpg,US
mtg_set/US/01468_US.jpg,US
mtg_set/US/01469_US.jpg,US
mtg_set/US/01470_US.jpg,US
mtg_set/US/01471_US.jpg,US
mtg_set/US/01472_US.jpg,US
mtg_set/US/01473_US.jpg,US
mtg_set/US/01474_US.jpg,US
mtg_set/US/01475_US.jpg,US
mtg_set/US/01476_US.jpg,US
mtg_set/US/01477_US.jpg,US
mtg_set/US/01478_US.jpg,US
mtg_set/US/01479_US.jpg,US
mtg_set/US/01480_US.jpg,US
mtg_set/US/01481_US.jpg,US
mtg_set/US/01482_US.jpg,US
mtg_set/US/01483_US.jpg,US
mtg_set/US/01484_US.jpg,US
mtg_set/US/01485_US.jpg,US
mtg_set/US/01486_US.jpg,US
mtg_set/US/01487_US.jpg,US
mtg_set/US/01488_US.jpg,US
mtg_set/US/01489_US.jpg,US
mtg_set/US/01490_US.jpg,US
mtg_set/US/01491_US.jpg,US
mtg_set/US/01492_US.jpg,US
mtg_set/US/01493_US.jpg,US
mtg_set/US/01494_US.jpg,US
mtg_set/US/01495_US.jpg,US
mtg_set/US/01496_US.jpg,US
mtg_set/US/01497_US.jpg,US
mtg_set/US/01498_US.jpg,US
mtg_set/US/01499_US.jpg,US
mtg_set/US/01500_US.jpg,US
mtg_set/US/01501_US.jpg,US
mtg_set/US/01502_US.jpg,US
mtg_set/US/01503_US.jpg,US
mtg_set/US/01504_US.jpg,US
mtg_set/US/01505_US.jpg,US
mtg_set/US/01506_US.jpg,US
mtg_set/US/01507_US.jpg,US
mtg_set/US/01508_US.jpg,US
mtg_set/US/01509_US.jpg,US
mtg_set/US/01510_US.jpg,US
mtg_set/US/01511_US.jpg,US
mtg_set/US/01512_US.jpg,US
mtg_set/US/01513_US.jpg,US
mtg_set/US/01514_US.jpg,US
mtg_set/US/01515_US.jpg,US
mtg_set/US/01516_US.jpg,US
mtg_set/US/01517_US.jpg,US
mtg_set/US/01518_US.jpg,US
mtg_set/US/01519_US.jpg,US
mtg_set/US/01520_US.jpg,US
mtg_set/US/01521_US.jpg,US
mtg_set/US/01522_US.jpg,US
mtg_set/US/01523_US.jpg,US
mtg_set/US/01524_US.jpg,US
mtg_set/US/01525_US.jpg,US
mtg_set/US/01526_US.jpg,US
mtg_set/US/01527_US.jpg,US
mtg_set/US/01528_US.jpg,US
mtg_set/US/01529_US.jpg,US
mtg_set/US/01530_US.jpg,US
mtg_set/US/01531_US.jpg,US
mtg_set/US/01532_US.jpg,US
mtg_set/US/01533_US.jpg,US
mtg_set/US/01534_US.jpg,US
mtg_set/US/01535_US.jpg,US
mtg_set/US/01536_US.jpg,US
mtg_set/US/01537_US.jpg,US
mtg_set/US/01538_US.jpg,US
mtg_set/US/01539_US.jpg,US
mtg_set/US/01540_US.jpg,US
mtg_set/US/01541_US.jpg,US
mtg_set/US/01542_US.jpg,US
mtg_set/US/01543_US.jpg,US
mtg_set/US/01544_US.jpg,US
mtg_set/US/01545_US.jpg,US
mtg_set/US/01546_US.jpg,US
mtg_set/US/01547_US.jpg,US
mtg_set/US/01548_US.jpg,US
mtg_set/US/01549_US.jpg,US
mtg_set/US/01550_US.jpg,US
mtg_set/US/01551_US.jpg,US
mtg_set/US/01552_US.jpg,US
mtg_set/US/01553_US.jpg,US
mtg_set/US/01554_US.jpg,US
mtg_set/US/01555_US.jpg,US
mtg_set/US/01556_US.jpg,US
mtg_set/US/01557_US.jpg,US
mtg_set/US/01558_US.jpg,US
mtg_set/US/01559_US.jpg,US
mtg_set/US/01560_US.jpg,US
mtg_set/US/01561_US.jpg,US
mtg_set/US/01562_US.jpg,US
mtg_set/US/01563_US.jpg,US
mtg_set/US/01564_US.jpg,US
mtg_set/US/01565_US.jpg,US
mtg_set/US/01566_US.jpg,US
mtg_set/US/01567_US.jpg,US
mtg_set/US/01568_US.jpg,US
mtg_set/US/01569_US.jpg,US
mtg_set/US/01570_US.jpg,US
mtg_set/US/01571_US.jpg,US
mtg_set/US/01572_US.jpg,US
mtg_set/US/01573_US.jpg,US
mtg_set/US/01574_US.jpg,US
mtg_set/US/01575_US.jpg,US
mtg_set/US/01576_US.jpg,US
mtg_set/US/01577_US.jpg,US
mtg_set/US/01578_US.jpg,US
mtg_set/US/01579_US.jpg,US
mtg_set/US/01580_US.jpg,US
mtg_set/US/01581_US.jpg,US
mtg_set/US/01582_US.jpg,US
mtg_set/US/01583_US.jpg,US
mtg_set/US/01584_US.jpg,US
mtg_set/US/01585_US.jpg,US
mtg_set/US/01586_US.jpg,US
mtg_set/US/01587_US.jpg,US
mtg_set/US/01588_US.jpg,US
mtg_set/US/01589_US.jpg,US
mtg_set/US/01590_US.jpg,US
mtg_set/US/01591_US.jpg,US
mtg_set/US/01592_US.jpg,US
mtg_set/US/01593_US.jpg,US
mtg_set/US/01594_US.jpg,US
mtg_set/US/01595_US.jpg,US
mtg_set/US/01596_US.jpg,US
mtg_set/US/01597_US.jpg,US
mtg_set/US/01598_US.jpg,US
mtg_set/US/01599_US.jpg,US
mtg_set/US/01600_US.jpg,US
mtg_set/US/01601_US.jpg,US
mtg_set/US/01602_US.jpg,US
mtg_set/US/01603_US.jpg,US
mtg_set/US/01604_US.jpg,US
mtg_set/US/01605_US.jpg,US
mtg_set/US/01606_US.jpg,US
mtg_set/US/01607_US.jpg,US
mtg_set/US/01608_US.jpg,US
mtg_set/US/01609_US.jpg,US
mtg_set/US/01610_US.jpg,US
mtg_set/US/01611_US.jpg,US
mtg_set/US/01612_US.jpg,US
mtg_set/US/01613_US.jpg,US
mtg_set/US/01614_US.jpg,US
mtg_set/US/01615_US.jpg,US
mtg_set/US/01616_US.jpg,US
mtg_set/US/01617_US.jpg,US
mtg_set/US/01618_US.jpg,US
mtg_set/US/01619_US.jpg,US
mtg_set/US/01620_US.jpg,US
mtg_set/US/01621_US.jpg,US
mtg_set/US/01622_US.jpg,US
mtg_set/US/01623_US.jpg,US
mtg_set/US/01624_US.jpg,US
mtg_set/US/01625_US.jpg,US
mtg_set/US/01626_US.jpg,US
mtg_set/US/01627_US.jpg,US
mtg_set/US/01628_US.jpg,US
mtg_set/US/01629_US.jpg,US
mtg_set/US/01630_US.jpg,US
mtg_set/US/01631_US.jpg,US
mtg_set/US/01632_US.jpg,US
mtg_set/US/01633_US.jpg,US
mtg_set/US/01634_US.jpg,US
mtg_set/US/01635_US.jpg,US
mtg_set/US/01636_US.jpg,US
mtg_set/US/01637_US.jpg,US
mtg_set/US/01638_US.jpg,US
mtg_set/US/01639_US.jpg,US
mtg_set/US/01640_US.jpg,US